fdate,order_date,airline,class,subclass,prc
2017-11-01,2017-08-30,AA,C,I,14123.0
2017-11-01,2017-10-22,AA,C,I,12330.0
2017-11-01,2017-10-28,AA,C,I,19063.0
2017-11-01,2017-05-05,AA,Y,O,3556.0
2017-11-01,2017-06-17,AA,Y,O,5888.0
2017-11-01,2017-07-20,AA,Y,O,3823.0
2017-11-01,2017-08-03,AA,Y,O,4061.0
2017-11-01,2017-08-17,AA,Y,O,3560.0
2017-11-01,2017-09-06,AA,Y,O,3847.0
2017-11-01,2017-09-23,AA,Y,O,3802.0
2017-11-01,2017-09-26,AA,Y,O,3513.0
2017-11-01,2017-10-18,AA,Y,O,4053.0
2017-11-01,2017-10-19,AA,Y,O,3082.0
2017-11-01,2017-10-20,AA,Y,O,4507.0
2017-11-01,2017-10-26,AA,Y,O,3636.0
2017-11-01,2017-10-27,AA,Y,O,3724.0
2017-11-01,2017-10-28,AA,Y,O,3636.0
2017-11-01,2017-10-31,AA,Y,O,3553.0
2017-11-01,2017-11-01,AA,Y,O,5545.0
2017-11-01,2017-09-27,AA,Y,S,4307.0
2017-11-01,2017-10-09,AA,Y,S,2506.0
2017-11-01,2017-10-18,AA,Y,S,2367.0
2017-11-01,2017-10-31,AA,Y,S,2413.0
2017-11-01,2017-10-22,AA,Y,V,4512.0
2017-11-01,2017-08-29,DL,C,I,26839.0
2017-11-01,2017-07-22,DL,C,Z,15807.0
2017-11-01,2017-09-02,DL,C,Z,13542.0
2017-11-01,2017-09-20,DL,C,Z,14038.0
2017-11-01,2017-09-25,DL,C,Z,9184.0
2017-11-01,2017-10-02,DL,C,Z,16909.0
2017-11-01,2017-10-31,DL,C,Z,20124.0
2017-11-01,2017-11-01,DL,C,Z,17184.0
2017-11-01,2017-10-24,DL,Y,L,7584.0
2017-11-01,2017-04-18,DL,Y,V,2067.0
2017-11-01,2017-06-20,DL,Y,V,4013.0
2017-11-01,2017-07-22,DL,Y,V,3827.0
2017-11-01,2017-08-06,DL,Y,V,3620.0
2017-11-01,2017-08-17,DL,Y,V,6580.0
2017-11-01,2017-08-23,DL,Y,V,3601.0
2017-11-01,2017-08-31,DL,Y,V,3546.5
2017-11-01,2017-09-04,DL,Y,V,3514.0
2017-11-01,2017-09-07,DL,Y,V,3439.0
2017-11-01,2017-09-10,DL,Y,V,3461.0
2017-11-01,2017-09-17,DL,Y,V,3508.0
2017-11-01,2017-09-19,DL,Y,V,3641.5
2017-11-01,2017-10-10,DL,Y,V,4461.0
2017-11-01,2017-10-21,DL,Y,V,3608.0
2017-11-01,2017-10-23,DL,Y,V,4101.0
2017-11-01,2017-10-28,DL,Y,V,3460.0
2017-11-01,2017-10-29,DL,Y,V,3460.0
2017-11-01,2017-10-31,DL,Y,V,1934.5
2017-11-01,2017-09-21,DL,Y,X,2413.0
2017-11-01,2017-09-26,DL,Y,X,2294.0
2017-11-01,2017-10-09,DL,Y,X,2325.0
2017-11-01,2017-10-16,DL,Y,X,2455.5
2017-11-01,2017-10-26,DL,Y,X,2359.0
2017-11-01,2017-08-22,MU,C,I,25455.0
2017-11-01,2017-10-22,MU,C,I,16392.0
2017-11-01,2017-10-30,MU,C,I,16393.0
2017-11-01,2017-10-25,MU,Y,N,6454.0
2017-11-01,2017-10-22,MU,Y,R,5772.0
2017-11-01,2017-10-23,MU,Y,S,6083.0
2017-11-01,2017-09-26,MU,Y,T,3981.0
2017-11-01,2017-07-03,UA,C,P,21550.0
2017-11-01,2017-10-04,UA,C,P,16181.0
2017-11-01,2017-10-20,UA,C,P,11556.0
2017-11-01,2017-10-25,UA,C,P,12698.5
2017-11-01,2017-10-31,UA,C,P,13287.5
2017-11-01,2017-05-13,UA,Y,G,3951.0
2017-11-01,2017-08-14,UA,Y,G,6270.0
2017-11-01,2017-09-11,UA,Y,G,6405.0
2017-11-01,2017-09-28,UA,Y,G,3543.0
2017-11-01,2017-10-05,UA,Y,G,3673.0
2017-11-01,2017-10-09,UA,Y,G,3778.0
2017-11-01,2017-10-10,UA,Y,G,3659.0
2017-11-01,2017-10-11,UA,Y,G,4003.0
2017-11-01,2017-10-20,UA,Y,G,2368.0
2017-11-01,2017-10-22,UA,Y,G,3599.0
2017-11-01,2017-10-23,UA,Y,G,3578.5
2017-11-01,2017-10-25,UA,Y,G,2960.5
2017-11-01,2017-10-26,UA,Y,G,2960.5
2017-11-01,2017-10-29,UA,Y,G,3522.0
2017-11-01,2017-10-31,UA,Y,G,3701.0
2017-11-01,2017-11-01,UA,Y,G,2396.0
2017-11-02,2017-08-25,AA,C,D,26167.0
2017-11-02,2017-10-19,AA,C,D,17714.0
2017-11-02,2017-10-15,AA,Y,N,4334.0
2017-11-02,2017-10-23,AA,Y,N,4514.0
2017-11-02,2017-04-13,AA,Y,O,3726.0
2017-11-02,2017-10-04,AA,Y,O,4319.0
2017-11-02,2017-10-05,AA,Y,O,3513.0
2017-11-02,2017-10-07,AA,Y,O,4448.0
2017-11-02,2017-10-12,AA,Y,O,7579.0
2017-11-02,2017-10-13,AA,Y,O,3775.0
2017-11-02,2017-10-14,AA,Y,O,3558.0
2017-11-02,2017-10-17,AA,Y,O,3557.0
2017-11-02,2017-10-24,AA,Y,O,3636.0
2017-11-02,2017-10-25,AA,Y,O,4497.0
2017-11-02,2017-10-23,AA,Y,Q,4413.0
2017-11-02,2017-10-13,AA,Y,S,2319.0
2017-11-02,2017-10-23,AA,Y,S,2413.0
2017-11-02,2017-10-30,AA,Y,S,2440.0
2017-11-02,2017-11-01,AA,Y,S,2421.0
2017-11-02,2017-09-15,DL,Y,V,3613.0
2017-11-02,2017-09-28,DL,Y,V,3453.0
2017-11-02,2017-09-29,DL,Y,V,2900.0
2017-11-02,2017-10-13,DL,Y,V,3654.0
2017-11-02,2017-10-18,DL,Y,V,5283.0
2017-11-02,2017-10-23,DL,Y,V,3550.0
2017-11-02,2017-10-27,DL,Y,V,6790.0
2017-11-02,2017-10-29,DL,Y,V,4653.0
2017-11-02,2017-10-30,DL,Y,V,3528.0
2017-11-02,2017-10-31,DL,Y,V,4866.0
2017-11-02,2017-11-01,DL,Y,V,1984.0
2017-11-02,2017-10-18,DL,Y,X,2439.0
2017-11-02,2017-10-25,DL,Y,X,2351.0
2017-11-02,2017-10-27,DL,Y,X,8659.0
2017-11-02,2017-11-02,DL,Y,X,2254.0
2017-11-02,2017-10-23,MU,C,Q,30932.0
2017-11-02,2017-10-24,MU,Y,R,4618.0
2017-11-02,2017-10-27,MU,Y,R,8560.0
2017-11-02,2017-09-08,MU,Y,S,3373.0
2017-11-02,2017-09-10,MU,Y,S,6270.0
2017-11-02,2017-09-26,MU,Y,S,4701.0
2017-11-02,2017-07-24,MU,Y,T,4929.0
2017-11-02,2017-07-28,MU,Y,T,3868.0
2017-11-02,2017-08-01,MU,Y,T,3772.0
2017-11-02,2017-09-04,MU,Y,T,3505.0
2017-11-02,2017-09-24,MU,Y,T,5510.0
2017-11-02,2017-09-19,MU,Y,V,3285.0
2017-11-02,2017-11-01,UA,C,P,13134.0
2017-11-02,2017-10-09,UA,Y,G,3039.5
2017-11-02,2017-10-21,UA,Y,G,3583.0
2017-11-02,2017-10-24,UA,Y,G,4421.0
2017-11-02,2017-10-25,UA,Y,G,4502.0
2017-11-02,2017-10-26,UA,Y,G,2348.0
2017-11-02,2017-10-28,UA,Y,G,2433.0
2017-11-02,2017-10-29,UA,Y,G,4175.0
2017-11-02,2017-10-30,UA,Y,G,3884.0
2017-11-02,2017-11-01,UA,Y,G,2363.0
2017-11-02,2017-09-06,UA,Y,K,4538.0
2017-11-03,2017-06-03,AA,Y,O,3635.0
2017-11-03,2017-06-10,AA,Y,O,3581.0
2017-11-03,2017-06-18,AA,Y,O,4064.0
2017-11-03,2017-10-24,AA,Y,O,6539.0
2017-11-03,2017-10-25,AA,Y,O,3626.0
2017-11-03,2017-10-26,AA,Y,O,3445.0
2017-11-03,2017-10-27,AA,Y,O,1923.0
2017-11-03,2017-11-03,AA,Y,O,2730.0
2017-11-03,2017-10-23,AA,Y,S,2351.0
2017-11-03,2017-10-26,AA,Y,S,2363.0
2017-11-03,2017-11-01,AA,Y,S,2482.0
2017-11-03,2017-11-02,AA,Y,S,2351.0
2017-11-03,2017-10-09,DL,C,D,41089.0
2017-11-03,2017-08-09,DL,C,I,18415.0
2017-11-03,2017-08-11,DL,C,I,18414.0
2017-11-03,2017-11-01,DL,Y,L,7907.0
2017-11-03,2017-10-30,DL,Y,Q,7887.0
2017-11-03,2017-11-02,DL,Y,T,4742.0
2017-11-03,2017-08-11,DL,Y,V,3679.0
2017-11-03,2017-08-13,DL,Y,V,3507.0
2017-11-03,2017-08-21,DL,Y,V,3597.0
2017-11-03,2017-09-05,DL,Y,V,3398.0
2017-11-03,2017-09-06,DL,Y,V,3138.0
2017-11-03,2017-09-11,DL,Y,V,3501.0
2017-11-03,2017-09-13,DL,Y,V,3548.0
2017-11-03,2017-09-16,DL,Y,V,3465.0
2017-11-03,2017-09-25,DL,Y,V,3508.0
2017-11-03,2017-09-27,DL,Y,V,3453.0
2017-11-03,2017-09-30,DL,Y,V,3725.0
2017-11-03,2017-10-06,DL,Y,V,3638.5
2017-11-03,2017-10-11,DL,Y,V,4002.0
2017-11-03,2017-10-13,DL,Y,V,3640.0
2017-11-03,2017-10-16,DL,Y,V,3642.0
2017-11-03,2017-10-19,DL,Y,V,3550.0
2017-11-03,2017-10-21,DL,Y,V,3595.0
2017-11-03,2017-10-25,DL,Y,V,4094.0
2017-11-03,2017-10-26,DL,Y,V,3339.0
2017-11-03,2017-10-28,DL,Y,V,3882.0
2017-11-03,2017-10-31,DL,Y,V,2752.0
2017-11-03,2017-11-01,DL,Y,V,2742.5
2017-11-03,2017-10-06,DL,Y,X,2503.0
2017-11-03,2017-10-19,DL,Y,X,2292.0
2017-11-03,2017-10-21,DL,Y,X,2371.0
2017-11-03,2017-10-23,DL,Y,X,2358.0
2017-11-03,2017-10-27,DL,Y,X,2346.0
2017-11-03,2017-11-02,DL,Y,X,3097.0
2017-11-03,2017-06-02,MU,C,I,22024.0
2017-11-03,2017-08-06,MU,C,I,18531.0
2017-11-03,2017-09-20,MU,C,I,19517.0
2017-11-03,2017-10-22,MU,C,I,16392.0
2017-11-03,2017-10-28,MU,C,I,16393.0
2017-11-03,2017-10-20,MU,C,Q,21563.0
2017-11-03,2017-09-12,MU,Y,L,7388.0
2017-11-03,2017-10-20,MU,Y,S,2926.0
2017-11-03,2017-10-31,MU,Y,S,6593.0
2017-11-03,2017-07-07,MU,Y,T,4774.0
2017-11-03,2017-07-08,MU,Y,T,4274.0
2017-11-03,2017-07-24,MU,Y,T,3250.0
2017-11-03,2017-08-19,MU,Y,T,4038.0
2017-11-03,2017-08-22,MU,Y,T,7183.0
2017-11-03,2017-08-29,MU,Y,T,3188.0
2017-11-03,2017-09-06,MU,Y,T,3296.0
2017-11-03,2017-09-18,MU,Y,T,3571.0
2017-11-03,2017-10-06,MU,Y,T,3918.0
2017-11-03,2017-10-16,MU,Y,T,3121.0
2017-11-03,2017-10-25,MU,Y,T,5859.0
2017-11-03,2017-10-27,MU,Y,T,7003.0
2017-11-03,2017-09-27,MU,Y,V,3723.0
2017-11-03,2017-10-19,MU,Y,V,5500.0
2017-11-03,2017-10-28,MU,Y,V,3525.0
2017-11-03,2017-10-31,MU,Y,V,5958.0
2017-11-03,2017-11-01,UA,C,P,13142.0
2017-11-03,2017-11-03,UA,C,P,13200.0
2017-11-03,2017-06-18,UA,Y,G,2547.0
2017-11-03,2017-09-27,UA,Y,G,3544.0
2017-11-03,2017-09-29,UA,Y,G,3775.0
2017-11-03,2017-09-30,UA,Y,G,3629.0
2017-11-03,2017-10-01,UA,Y,G,2466.0
2017-11-03,2017-10-15,UA,Y,G,3589.0
2017-11-03,2017-10-19,UA,Y,G,3590.0
2017-11-03,2017-10-20,UA,Y,G,3787.0
2017-11-03,2017-10-23,UA,Y,G,3594.0
2017-11-03,2017-10-26,UA,Y,G,2348.0
2017-11-03,2017-10-27,UA,Y,G,2348.0
2017-11-03,2017-10-28,UA,Y,G,3348.0
2017-11-03,2017-10-29,UA,Y,G,3522.0
2017-11-03,2017-10-30,UA,Y,G,4077.0
2017-11-03,2017-11-03,UA,Y,G,3991.0
2017-11-04,2017-10-30,AA,C,J,29192.0
2017-11-04,2017-09-26,AA,Y,M,5684.0
2017-11-04,2017-10-19,AA,Y,N,3476.0
2017-11-04,2017-10-20,AA,Y,N,3718.0
2017-11-04,2017-10-27,AA,Y,N,4498.0
2017-11-04,2017-02-05,AA,Y,O,3748.0
2017-11-04,2017-06-05,AA,Y,O,3744.0
2017-11-04,2017-06-09,AA,Y,O,3791.0
2017-11-04,2017-06-12,AA,Y,O,3687.0
2017-11-04,2017-06-20,AA,Y,O,3176.0
2017-11-04,2017-10-11,AA,Y,O,3600.0
2017-11-04,2017-10-30,AA,Y,O,7587.0
2017-11-04,2017-11-01,AA,Y,O,5815.0
2017-11-04,2017-10-06,AA,Y,Q,3670.0
2017-11-04,2017-10-26,AA,Y,Q,7090.0
2017-11-04,2017-08-21,AA,Y,S,2413.0
2017-11-04,2017-10-04,AA,Y,S,5413.0
2017-11-04,2017-10-05,AA,Y,S,2506.0
2017-11-04,2017-10-15,AA,Y,S,2411.0
2017-11-04,2017-10-20,AA,Y,S,7975.0
2017-11-04,2017-11-02,AA,Y,S,2413.0
2017-11-04,2017-10-06,AA,Y,V,4771.0
2017-11-04,2017-09-21,DL,C,Z,9181.5
2017-11-04,2017-10-11,DL,C,Z,36073.0
2017-11-04,2017-10-22,DL,C,Z,12102.0
2017-11-04,2017-11-01,DL,C,Z,25488.0
2017-11-04,2017-09-29,DL,Y,T,6081.0
2017-11-04,2017-11-02,DL,Y,T,4564.0
2017-11-04,2017-08-09,DL,Y,V,3721.0
2017-11-04,2017-08-15,DL,Y,V,3419.0
2017-11-04,2017-09-01,DL,Y,V,3533.0
2017-11-04,2017-09-17,DL,Y,V,3508.0
2017-11-04,2017-09-19,DL,Y,V,4268.0
2017-11-04,2017-09-20,DL,Y,V,3612.0
2017-11-04,2017-09-27,DL,Y,V,3629.0
2017-11-04,2017-10-17,DL,Y,V,3604.0
2017-11-04,2017-10-19,DL,Y,V,3560.0
2017-11-04,2017-10-20,DL,Y,V,3562.0
2017-11-04,2017-10-23,DL,Y,V,3569.0
2017-11-04,2017-10-24,DL,Y,V,4944.0
2017-11-04,2017-11-04,DL,Y,V,6976.0
2017-11-04,2017-09-06,DL,Y,X,4083.0
2017-11-04,2017-09-17,DL,Y,X,2421.0
2017-11-04,2017-10-11,DL,Y,X,6660.0
2017-11-04,2017-10-17,DL,Y,X,5583.0
2017-11-04,2017-07-23,MU,C,I,20269.0
2017-11-04,2017-10-23,MU,C,I,18710.0
2017-11-04,2017-10-12,MU,Y,R,9464.0
2017-11-04,2017-10-19,MU,Y,R,6138.0
2017-11-04,2017-10-30,MU,Y,R,6766.0
2017-11-04,2017-08-23,MU,Y,S,3598.0
2017-11-04,2017-09-22,MU,Y,S,5030.0
2017-11-04,2017-10-08,MU,Y,S,3808.0
2017-11-04,2017-10-16,MU,Y,S,4051.0
2017-11-04,2017-10-23,MU,Y,S,8272.0
2017-11-04,2017-10-24,MU,Y,S,7163.0
2017-11-04,2017-10-25,MU,Y,S,3893.0
2017-11-04,2017-10-29,MU,Y,S,7603.0
2017-11-04,2017-10-30,MU,Y,S,4523.0
2017-11-04,2017-10-31,MU,Y,S,7608.0
2017-11-04,2017-07-29,MU,Y,T,4269.0
2017-11-04,2017-09-15,MU,Y,T,3204.0
2017-11-04,2017-09-20,MU,Y,T,3249.0
2017-11-04,2017-09-25,MU,Y,T,4160.0
2017-11-04,2017-10-03,MU,Y,T,5305.0
2017-11-04,2017-10-06,MU,Y,T,840.0
2017-11-04,2017-10-14,MU,Y,T,3469.0
2017-11-04,2017-10-17,MU,Y,T,6234.0
2017-11-04,2017-09-20,MU,Y,V,4240.0
2017-11-04,2017-09-24,MU,Y,V,3930.0
2017-11-04,2017-10-06,MU,Y,V,5273.0
2017-11-04,2017-10-16,MU,Y,V,5449.0
2017-11-04,2017-10-20,MU,Y,V,6072.0
2017-11-04,2017-10-25,MU,Y,V,4542.5
2017-11-04,2017-10-28,UA,C,P,11572.0
2017-11-04,2017-05-23,UA,Y,G,3934.0
2017-11-04,2017-07-01,UA,Y,G,2625.0
2017-11-04,2017-08-15,UA,Y,G,4302.0
2017-11-04,2017-09-01,UA,Y,G,4055.0
2017-11-04,2017-09-30,UA,Y,G,2380.0
2017-11-04,2017-10-01,UA,Y,G,3629.0
2017-11-04,2017-10-09,UA,Y,G,2380.0
2017-11-04,2017-10-10,UA,Y,G,3635.0
2017-11-04,2017-10-12,UA,Y,G,3999.0
2017-11-04,2017-10-14,UA,Y,G,3883.0
2017-11-04,2017-10-21,UA,Y,G,2818.0
2017-11-04,2017-10-23,UA,Y,G,3583.0
2017-11-04,2017-10-24,UA,Y,G,3584.0
2017-11-04,2017-10-25,UA,Y,G,3027.0
2017-11-04,2017-10-31,UA,Y,G,3562.0
2017-11-04,2017-11-02,UA,Y,G,4000.5
2017-11-04,2017-10-18,UA,Y,K,4813.0
2017-11-05,2017-08-29,AA,C,I,16663.0
2017-11-05,2017-10-31,AA,C,J,21705.0
2017-11-05,2017-10-25,AA,C,R,40134.0
2017-11-05,2017-10-21,AA,Y,N,3781.0
2017-11-05,2017-10-23,AA,Y,N,3878.0
2017-11-05,2017-10-25,AA,Y,N,4718.0
2017-11-05,2017-10-30,AA,Y,N,4185.0
2017-11-05,2017-10-31,AA,Y,N,3884.0
2017-11-05,2017-09-12,AA,Y,O,2134.5
2017-11-05,2017-10-02,AA,Y,O,4821.5
2017-11-05,2017-10-03,AA,Y,O,3769.0
2017-11-05,2017-10-04,AA,Y,O,3638.0
2017-11-05,2017-10-14,AA,Y,O,3494.0
2017-11-05,2017-10-19,AA,Y,O,3553.0
2017-11-05,2017-10-20,AA,Y,O,3557.5
2017-11-05,2017-10-24,AA,Y,O,3626.0
2017-11-05,2017-10-15,AA,Y,Q,4189.0
2017-11-05,2017-10-16,AA,Y,Q,4290.0
2017-11-05,2017-10-11,AA,Y,S,5119.0
2017-11-05,2017-10-26,AA,Y,S,2413.0
2017-11-05,2017-10-28,AA,Y,S,4164.0
2017-11-05,2017-10-29,AA,Y,S,4160.0
2017-11-05,2017-10-31,AA,Y,S,2490.0
2017-11-05,2017-11-01,AA,Y,S,2631.0
2017-11-05,2017-11-04,AA,Y,S,2412.0
2017-11-05,2017-10-27,DL,C,I,22001.0
2017-11-05,2017-09-09,DL,C,Z,14013.0
2017-11-05,2017-10-13,DL,C,Z,11606.0
2017-11-05,2017-11-04,DL,C,Z,22130.0
2017-11-05,2017-10-12,DL,Y,T,5217.0
2017-11-05,2017-10-31,DL,Y,T,2427.0
2017-11-05,2017-04-18,DL,Y,V,3975.0
2017-11-05,2017-08-09,DL,Y,V,4283.0
2017-11-05,2017-08-26,DL,Y,V,4062.0
2017-11-05,2017-09-06,DL,Y,V,3098.0
2017-11-05,2017-09-28,DL,Y,V,3419.0
2017-11-05,2017-09-29,DL,Y,V,4091.5
2017-11-05,2017-10-09,DL,Y,V,3547.0
2017-11-05,2017-10-12,DL,Y,V,3920.0
2017-11-05,2017-07-06,DL,Y,X,6668.0
2017-11-05,2017-10-15,DL,Y,X,2443.0
2017-11-05,2017-10-18,DL,Y,X,2405.0
2017-11-05,2017-10-25,DL,Y,X,4287.0
2017-11-05,2017-10-27,DL,Y,X,2343.0
2017-11-05,2017-10-25,MU,C,D,540.0
2017-11-05,2017-08-05,MU,C,I,21637.0
2017-11-05,2017-09-04,MU,C,I,14455.0
2017-11-05,2017-09-21,MU,C,I,20708.0
2017-11-05,2017-09-28,MU,C,I,13632.0
2017-11-05,2017-10-20,MU,C,I,20712.0
2017-11-05,2017-10-25,MU,C,I,18553.0
2017-11-05,2017-10-27,MU,C,I,16393.0
2017-11-05,2017-10-29,MU,C,I,16393.0
2017-11-05,2017-10-20,MU,C,Q,23252.0
2017-11-05,2017-10-29,MU,C,Q,25318.0
2017-11-05,2017-11-05,MU,Y,L,6227.0
2017-11-05,2017-11-03,MU,Y,N,8038.0
2017-11-05,2017-11-03,MU,Y,R,5455.0
2017-11-05,2017-10-03,MU,Y,S,3158.0
2017-11-05,2017-10-14,MU,Y,S,3166.0
2017-11-05,2017-10-17,MU,Y,S,3085.0
2017-11-05,2017-10-18,MU,Y,S,7569.0
2017-11-05,2017-10-19,MU,Y,S,4077.0
2017-11-05,2017-10-20,MU,Y,S,7902.0
2017-11-05,2017-10-22,MU,Y,S,5142.0
2017-11-05,2017-10-27,MU,Y,S,8433.0
2017-11-05,2017-10-31,MU,Y,S,5713.0
2017-11-05,2017-11-01,MU,Y,S,4723.0
2017-11-05,2017-08-04,MU,Y,T,2650.0
2017-11-05,2017-09-07,MU,Y,T,3845.0
2017-11-05,2017-09-20,MU,Y,T,2711.0
2017-11-05,2017-09-23,MU,Y,T,4260.0
2017-11-05,2017-09-25,MU,Y,T,2990.0
2017-11-05,2017-09-30,MU,Y,T,4381.0
2017-11-05,2017-10-08,MU,Y,T,3853.0
2017-11-05,2017-10-10,MU,Y,T,5303.0
2017-11-05,2017-10-11,MU,Y,T,3378.0
2017-11-05,2017-09-08,MU,Y,V,3295.0
2017-11-05,2017-10-12,MU,Y,V,6079.0
2017-11-05,2017-10-13,MU,Y,V,4729.0
2017-11-05,2017-10-17,MU,Y,V,6603.0
2017-11-05,2017-10-22,MU,Y,V,3770.0
2017-11-05,2017-10-23,MU,Y,V,4402.0
2017-11-05,2017-08-09,MU,Y,Z,3456.0
2017-11-05,2017-10-21,UA,C,Z,32771.0
2017-11-05,2017-08-21,UA,Y,G,3780.0
2017-11-05,2017-10-21,UA,Y,G,4020.5
2017-11-05,2017-10-23,UA,Y,G,2986.0
2017-11-05,2017-10-24,UA,Y,G,3584.0
2017-11-05,2017-10-26,UA,Y,G,3573.0
2017-11-05,2017-10-27,UA,Y,G,3573.0
2017-11-05,2017-10-29,UA,Y,G,2348.0
2017-11-05,2017-10-30,UA,Y,G,2348.0
2017-11-05,2017-10-31,UA,Y,G,3539.0
2017-11-05,2017-11-01,UA,Y,G,2362.0
2017-11-05,2017-11-02,UA,Y,G,2357.0
2017-11-05,2017-11-03,UA,Y,G,3762.0
2017-11-05,2017-11-04,UA,Y,G,3989.0
2017-11-06,2017-06-09,AA,C,D,20696.0
2017-11-06,2017-10-24,AA,C,D,11338.0
2017-11-06,2017-11-03,AA,C,D,14269.0
2017-11-06,2017-11-03,AA,C,I,15505.0
2017-11-06,2017-04-13,AA,Y,O,3695.0
2017-11-06,2017-04-23,AA,Y,O,3454.5
2017-11-06,2017-05-30,AA,Y,O,3776.0
2017-11-06,2017-08-07,AA,Y,O,0.0
2017-11-06,2017-08-30,AA,Y,O,3882.0
2017-11-06,2017-09-22,AA,Y,O,3513.0
2017-11-06,2017-10-04,AA,Y,O,4766.0
2017-11-06,2017-10-10,AA,Y,O,3647.0
2017-11-06,2017-10-20,AA,Y,O,3561.0
2017-11-06,2017-10-21,AA,Y,O,3763.0
2017-11-06,2017-10-26,AA,Y,O,4285.5
2017-11-06,2017-10-30,AA,Y,O,3889.0
2017-11-06,2017-10-31,AA,Y,O,3553.0
2017-11-06,2017-11-01,AA,Y,Q,4944.0
2017-11-06,2017-11-02,AA,Y,Q,5049.0
2017-11-06,2017-11-04,AA,Y,Q,3963.0
2017-11-06,2017-10-31,AA,Y,S,2413.0
2017-11-06,2017-11-02,AA,Y,S,2467.0
2017-11-06,2017-11-06,DL,C,I,13635.0
2017-11-06,2017-09-04,DL,C,Z,13596.0
2017-11-06,2017-09-15,DL,C,Z,14737.0
2017-11-06,2017-11-04,DL,S,W,7192.0
2017-11-06,2017-10-31,DL,Y,L,8529.0
2017-11-06,2017-11-03,DL,Y,T,4562.0
2017-11-06,2017-09-08,DL,Y,V,3417.0
2017-11-06,2017-10-01,DL,Y,V,3843.0
2017-11-06,2017-10-11,DL,Y,V,3634.0
2017-11-06,2017-10-12,DL,Y,V,3914.0
2017-11-06,2017-10-16,DL,Y,V,3460.5
2017-11-06,2017-10-19,DL,Y,V,3527.0
2017-11-06,2017-10-20,DL,Y,V,3512.0
2017-11-06,2017-10-26,DL,Y,V,3498.0
2017-11-06,2017-10-27,DL,Y,V,3568.0
2017-11-06,2017-10-31,DL,Y,V,1790.0
2017-11-06,2017-11-01,DL,Y,V,3609.0
2017-11-06,2017-10-11,DL,Y,X,2487.0
2017-11-06,2017-10-21,DL,Y,X,5611.0
2017-11-06,2017-10-25,DL,Y,X,2361.0
2017-11-06,2017-10-28,DL,Y,X,2343.0
2017-11-06,2017-11-02,DL,Y,X,2202.0
2017-11-06,2017-11-03,DL,Y,X,2234.0
2017-11-06,2017-11-06,DL,Y,X,2274.0
2017-11-06,2017-07-16,MU,C,I,17119.0
2017-11-06,2017-10-13,MU,C,I,16389.0
2017-11-06,2017-11-05,MU,C,I,13930.0
2017-11-06,2017-11-04,MU,Y,R,5159.0
2017-11-06,2017-10-13,MU,Y,S,8723.0
2017-11-06,2017-08-30,MU,Y,V,4291.0
2017-11-06,2017-11-06,MU,Y,Z,6311.0
2017-11-06,2017-07-18,UA,C,P,16904.0
2017-11-06,2017-10-26,UA,C,P,24629.0
2017-11-06,2017-09-21,UA,Y,G,3673.0
2017-11-06,2017-09-29,UA,Y,G,3589.0
2017-11-06,2017-10-09,UA,Y,G,5007.0
2017-11-06,2017-10-14,UA,Y,G,2827.0
2017-11-06,2017-10-20,UA,Y,G,2368.0
2017-11-06,2017-10-21,UA,Y,G,3521.0
2017-11-06,2017-10-25,UA,Y,G,3573.0
2017-11-06,2017-10-27,UA,Y,G,3908.0
2017-11-06,2017-10-28,UA,Y,G,3289.0
2017-11-06,2017-10-31,UA,Y,G,6450.0
2017-11-06,2017-11-03,UA,Y,G,3927.0
2017-11-06,2017-10-24,UA,Y,K,3560.0
2017-11-07,2017-10-16,AA,C,D,25364.0
2017-11-07,2017-11-06,AA,C,D,15032.0
2017-11-07,2017-04-26,AA,C,I,17875.0
2017-11-07,2017-08-29,AA,C,I,14123.0
2017-11-07,2017-10-25,AA,Y,N,5559.0
2017-11-07,2017-05-26,AA,Y,O,3766.0
2017-11-07,2017-06-01,AA,Y,O,3553.0
2017-11-07,2017-09-01,AA,Y,O,3574.0
2017-11-07,2017-09-17,AA,Y,O,3817.0
2017-11-07,2017-09-25,AA,Y,O,3798.0
2017-11-07,2017-09-29,AA,Y,O,3638.0
2017-11-07,2017-10-16,AA,Y,O,3731.0
2017-11-07,2017-10-27,AA,Y,O,3387.0
2017-11-07,2017-11-03,AA,Y,O,5551.0
2017-11-07,2017-11-03,AA,Y,Q,4336.0
2017-11-07,2017-10-18,AA,Y,S,5863.0
2017-11-07,2017-10-25,AA,Y,S,2413.0
2017-11-07,2017-10-26,AA,Y,S,2413.0
2017-11-07,2017-10-27,AA,Y,S,2413.0
2017-11-07,2017-11-03,AA,Y,S,2466.0
2017-11-07,2017-11-06,AA,Y,S,2350.0
2017-11-07,2017-11-07,AA,Y,S,2413.0
2017-11-07,2017-09-19,DL,C,Z,14036.0
2017-11-07,2017-10-31,DL,Y,T,5675.0
2017-11-07,2017-09-15,DL,Y,V,3540.0
2017-11-07,2017-09-17,DL,Y,V,3465.0
2017-11-07,2017-09-28,DL,Y,V,4189.0
2017-11-07,2017-10-26,DL,Y,V,3711.0
2017-11-07,2017-10-30,DL,Y,V,2705.0
2017-11-07,2017-10-31,DL,Y,V,1953.0
2017-11-07,2017-11-06,DL,Y,X,2274.0
2017-11-07,2017-11-07,DL,Y,X,2223.0
2017-11-07,2017-09-29,MU,C,I,12317.0
2017-11-07,2017-10-02,MU,C,I,16393.0
2017-11-07,2017-10-19,MU,C,I,12968.0
2017-11-07,2017-10-20,MU,C,I,16392.0
2017-11-07,2017-10-28,MU,C,I,16393.0
2017-11-07,2017-10-29,MU,C,I,16393.0
2017-11-07,2017-10-30,MU,C,I,15545.5
2017-11-07,2017-11-01,MU,C,I,33013.0
2017-11-07,2017-11-06,MU,C,I,33010.0
2017-11-07,2017-11-02,MU,Y,R,5025.5
2017-11-07,2017-11-03,MU,Y,R,5439.5
2017-11-07,2017-08-14,MU,Y,S,3228.0
2017-11-07,2017-11-02,MU,Y,S,4839.5
2017-11-07,2017-11-03,MU,Y,S,6650.0
2017-11-07,2017-11-07,MU,Y,S,3888.0
2017-11-07,2017-08-14,MU,Y,T,4123.0
2017-11-07,2017-08-18,MU,Y,T,3226.0
2017-11-07,2017-09-11,MU,Y,T,5569.0
2017-11-07,2017-09-12,MU,Y,T,3038.0
2017-11-07,2017-09-18,MU,Y,T,4491.0
2017-11-07,2017-09-28,MU,Y,T,3893.0
2017-11-07,2017-10-11,MU,Y,T,5143.0
2017-11-07,2017-10-12,MU,Y,T,4177.0
2017-11-07,2017-08-07,MU,Y,V,3099.0
2017-11-07,2017-09-30,UA,C,P,15503.0
2017-11-07,2017-10-02,UA,C,P,21463.0
2017-11-07,2017-10-24,UA,C,P,12567.0
2017-11-07,2017-11-01,UA,C,P,18332.0
2017-11-07,2017-10-06,UA,Y,G,3615.0
2017-11-07,2017-10-29,UA,Y,G,2461.0
2017-11-07,2017-10-30,UA,Y,G,4175.0
2017-11-07,2017-11-01,UA,Y,G,2349.0
2017-11-07,2017-08-03,UA,Y,S,7153.0
2017-11-07,2017-11-07,UA,Y,V,5164.0
2017-11-08,2017-09-26,AA,C,D,9562.0
2017-11-08,2017-08-30,AA,C,I,14123.0
2017-11-08,2017-03-07,AA,Y,O,3640.0
2017-11-08,2017-09-07,AA,Y,O,3780.0
2017-11-08,2017-10-01,AA,Y,O,3679.0
2017-11-08,2017-10-06,AA,Y,O,3600.0
2017-11-08,2017-10-10,AA,Y,O,5112.0
2017-11-08,2017-10-25,AA,Y,O,4120.0
2017-11-08,2017-10-27,AA,Y,O,3760.0
2017-11-08,2017-11-02,AA,Y,O,6630.0
2017-11-08,2017-11-03,AA,Y,O,5856.0
2017-11-08,2017-08-13,AA,Y,Q,3756.0
2017-11-08,2017-11-02,AA,Y,Q,3966.0
2017-11-08,2017-11-05,AA,Y,Q,4327.0
2017-11-08,2017-11-07,AA,Y,Q,4449.0
2017-11-08,2017-10-09,AA,Y,S,2506.0
2017-11-08,2017-10-12,AA,Y,S,2411.0
2017-11-08,2017-10-29,AA,Y,S,2363.0
2017-11-08,2017-10-30,AA,Y,S,2561.0
2017-11-08,2017-09-18,AA,Y,V,4620.0
2017-11-08,2017-09-01,DL,C,Z,13542.0
2017-11-08,2017-10-09,DL,C,Z,15611.0
2017-11-08,2017-11-06,DL,Y,T,5499.0
2017-11-08,2017-09-01,DL,Y,V,3533.0
2017-11-08,2017-09-18,DL,Y,V,3611.0
2017-11-08,2017-09-30,DL,Y,V,4111.0
2017-11-08,2017-10-13,DL,Y,V,3625.0
2017-11-08,2017-10-23,DL,Y,V,3446.0
2017-11-08,2017-10-24,DL,Y,V,3532.0
2017-11-08,2017-10-27,DL,Y,V,3460.0
2017-11-08,2017-10-28,DL,Y,V,4039.0
2017-11-08,2017-10-29,DL,Y,V,3318.0
2017-11-08,2017-10-30,DL,Y,V,3349.0
2017-11-08,2017-11-01,DL,Y,V,1900.0
2017-11-08,2017-11-03,DL,Y,V,3361.0
2017-11-08,2017-11-07,DL,Y,V,3292.0
2017-11-08,2017-09-28,DL,Y,X,2293.0
2017-11-08,2017-10-19,DL,Y,X,2900.0
2017-11-08,2017-10-28,DL,Y,X,2149.0
2017-11-08,2017-11-03,DL,Y,X,2194.0
2017-11-08,2017-11-06,DL,Y,X,2453.0
2017-11-08,2017-09-27,MU,C,I,16392.0
2017-11-08,2017-10-13,MU,C,I,13456.0
2017-11-08,2017-10-19,MU,C,I,16390.0
2017-11-08,2017-10-28,MU,C,I,16348.0
2017-11-08,2017-11-01,MU,Y,R,9868.0
2017-11-08,2017-11-05,MU,Y,R,4617.0
2017-11-08,2017-07-06,MU,Y,T,5324.0
2017-11-08,2017-07-07,MU,Y,T,4644.0
2017-11-08,2017-08-10,MU,Y,T,4398.0
2017-11-08,2017-08-13,MU,Y,T,2720.0
2017-11-08,2017-09-01,MU,Y,T,3918.0
2017-11-08,2017-10-12,MU,Y,T,13349.0
2017-11-08,2017-10-19,UA,C,P,15391.0
2017-11-08,2017-11-03,UA,C,P,24126.0
2017-11-08,2017-09-21,UA,Y,G,4291.0
2017-11-08,2017-09-22,UA,Y,G,3633.0
2017-11-08,2017-10-19,UA,Y,G,3516.0
2017-11-08,2017-10-23,UA,Y,G,3521.0
2017-11-08,2017-10-24,UA,Y,G,2303.0
2017-11-08,2017-10-25,UA,Y,G,3511.0
2017-11-08,2017-10-26,UA,Y,G,3573.0
2017-11-08,2017-10-28,UA,Y,G,4178.0
2017-11-08,2017-10-30,UA,Y,G,2348.0
2017-11-08,2017-11-02,UA,Y,G,3326.5
2017-11-08,2017-11-05,UA,Y,G,3989.0
2017-11-08,2017-11-08,UA,Y,S,8065.0
2017-11-09,2017-10-10,AA,C,D,5392.5
2017-11-09,2017-03-31,AA,Y,O,3744.0
2017-11-09,2017-06-09,AA,Y,O,3647.5
2017-11-09,2017-10-10,AA,Y,O,3600.0
2017-11-09,2017-10-15,AA,Y,O,3558.0
2017-11-09,2017-10-30,AA,Y,O,3793.0
2017-11-09,2017-11-02,AA,Y,O,3626.0
2017-11-09,2017-11-03,AA,Y,O,5551.0
2017-11-09,2017-11-07,AA,Y,O,3880.0
2017-11-09,2017-11-05,AA,Y,Q,3963.0
2017-11-09,2017-11-09,AA,Y,Q,3966.0
2017-11-09,2017-10-10,AA,Y,S,2506.0
2017-11-09,2017-11-08,AA,Y,S,2413.0
2017-11-09,2017-08-07,DL,C,I,18887.0
2017-11-09,2017-09-25,DL,Y,V,3803.0
2017-11-09,2017-09-27,DL,Y,V,4250.0
2017-11-09,2017-10-03,DL,Y,V,2920.0
2017-11-09,2017-10-23,DL,Y,V,3552.0
2017-11-09,2017-10-25,DL,Y,V,3569.0
2017-11-09,2017-10-30,DL,Y,V,1877.0
2017-11-09,2017-11-08,DL,Y,V,3523.0
2017-11-09,2017-11-09,DL,Y,V,4697.0
2017-11-09,2017-08-08,DL,Y,X,2754.0
2017-11-09,2017-10-20,DL,Y,X,2167.0
2017-11-09,2017-10-29,DL,Y,X,2343.0
2017-11-09,2017-11-05,DL,Y,X,2260.0
2017-11-09,2017-11-07,DL,Y,X,2275.0
2017-11-09,2017-11-08,DL,Y,X,2706.0
2017-11-09,2017-08-24,MU,C,D,18673.0
2017-11-09,2017-08-31,MU,C,I,14516.0
2017-11-09,2017-09-09,MU,C,I,18373.0
2017-11-09,2017-10-29,MU,Y,S,3026.0
2017-11-09,2017-08-01,MU,Y,T,2753.0
2017-11-09,2017-09-06,MU,Y,T,2266.0
2017-11-09,2017-09-19,MU,Y,T,2688.0
2017-11-09,2017-10-05,MU,Y,T,4728.0
2017-11-09,2017-10-08,MU,Y,T,5493.0
2017-11-09,2017-08-31,MU,Y,V,3089.0
2017-11-09,2017-10-31,MU,Y,V,4643.0
2017-11-09,2017-09-21,UA,Y,G,3641.0
2017-11-09,2017-10-14,UA,Y,G,3708.0
2017-11-09,2017-10-20,UA,Y,G,2368.0
2017-11-09,2017-10-22,UA,Y,G,7646.0
2017-11-09,2017-10-25,UA,Y,G,4271.0
2017-11-09,2017-10-27,UA,Y,G,2290.0
2017-11-09,2017-10-30,UA,Y,G,3579.0
2017-11-09,2017-11-02,UA,Y,G,3576.0
2017-11-09,2017-11-03,UA,Y,G,2418.0
2017-11-09,2017-11-04,UA,Y,G,3664.0
2017-11-09,2017-11-06,UA,Y,G,2432.0
2017-11-10,2017-11-08,AA,C,D,2412.0
2017-11-10,2017-09-12,AA,C,R,25859.0
2017-11-10,2017-10-24,AA,Y,N,4520.0
2017-11-10,2017-08-23,AA,Y,O,5933.0
2017-11-10,2017-09-04,AA,Y,O,3623.0
2017-11-10,2017-09-19,AA,Y,O,3835.0
2017-11-10,2017-10-06,AA,Y,O,3610.0
2017-11-10,2017-10-23,AA,Y,O,3493.0
2017-11-10,2017-10-24,AA,Y,O,4577.0
2017-11-10,2017-10-26,AA,Y,O,3027.0
2017-11-10,2017-10-27,AA,Y,O,3387.0
2017-11-10,2017-11-03,AA,Y,O,7006.0
2017-11-10,2017-11-04,AA,Y,O,4212.0
2017-11-10,2017-11-09,AA,Y,O,3719.5
2017-11-10,2017-08-23,AA,Y,Q,3727.0
2017-11-10,2017-10-13,AA,Y,S,2177.5
2017-11-10,2017-11-10,AA,Y,S,2413.0
2017-11-10,2017-10-18,DL,C,D,38627.0
2017-11-10,2017-11-07,DL,C,I,22239.0
2017-11-10,2017-11-09,DL,C,I,15119.0
2017-11-10,2017-11-01,DL,Y,T,4694.0
2017-11-10,2017-11-09,DL,Y,T,3131.0
2017-11-10,2017-10-31,DL,Y,U,3274.0
2017-11-10,2017-11-08,DL,Y,U,3306.0
2017-11-10,2017-08-18,DL,Y,V,6437.0
2017-11-10,2017-08-25,DL,Y,V,3523.0
2017-11-10,2017-08-30,DL,Y,V,3536.0
2017-11-10,2017-09-06,DL,Y,V,3114.0
2017-11-10,2017-09-12,DL,Y,V,3418.0
2017-11-10,2017-09-19,DL,Y,V,3367.0
2017-11-10,2017-09-21,DL,Y,V,3578.5
2017-11-10,2017-09-26,DL,Y,V,4026.5
2017-11-10,2017-09-28,DL,Y,V,3339.0
2017-11-10,2017-10-14,DL,Y,V,4359.0
2017-11-10,2017-10-15,DL,Y,V,3642.0
2017-11-10,2017-10-20,DL,Y,V,3456.0
2017-11-10,2017-10-22,DL,Y,V,8175.0
2017-11-10,2017-10-30,DL,Y,V,3366.5
2017-11-10,2017-10-31,DL,Y,V,4714.0
2017-11-10,2017-11-03,DL,Y,V,2673.0
2017-11-10,2017-11-06,DL,Y,V,2691.0
2017-11-10,2017-11-10,DL,Y,V,3063.0
2017-11-10,2017-10-17,DL,Y,X,2353.0
2017-11-10,2017-10-19,DL,Y,X,2349.0
2017-11-10,2017-10-20,DL,Y,X,5487.0
2017-11-10,2017-10-23,DL,Y,X,2340.0
2017-11-10,2017-10-24,DL,Y,X,2362.0
2017-11-10,2017-11-04,DL,Y,X,2233.0
2017-11-10,2017-11-09,DL,Y,X,2339.5
2017-11-10,2017-11-10,DL,Y,X,2359.0
2017-11-10,2017-10-18,MU,C,D,29403.0
2017-11-10,2017-09-12,MU,C,I,18371.0
2017-11-10,2017-09-14,MU,C,I,18473.0
2017-11-10,2017-09-15,MU,C,I,18471.0
2017-11-10,2017-09-17,MU,C,I,18521.0
2017-11-10,2017-10-17,MU,C,I,22196.0
2017-11-10,2017-10-25,MU,C,I,20581.0
2017-11-10,2017-11-06,MU,C,I,16667.0
2017-11-10,2017-10-30,MU,C,Q,28033.0
2017-11-10,2017-10-23,MU,Y,N,6437.0
2017-11-10,2017-07-17,MU,Y,S,6213.0
2017-11-10,2017-10-10,MU,Y,S,3907.0
2017-11-10,2017-10-24,MU,Y,S,9196.0
2017-11-10,2017-10-27,MU,Y,S,3852.0
2017-11-10,2017-10-30,MU,Y,S,4278.0
2017-11-10,2017-08-12,MU,Y,T,4463.0
2017-11-10,2017-08-19,MU,Y,T,3607.0
2017-11-10,2017-08-21,MU,Y,T,3599.0
2017-11-10,2017-08-22,MU,Y,T,3963.0
2017-11-10,2017-09-09,MU,Y,T,4411.0
2017-11-10,2017-09-11,MU,Y,T,3215.0
2017-11-10,2017-09-17,MU,Y,T,2873.5
2017-11-10,2017-09-20,MU,Y,T,4757.0
2017-11-10,2017-09-22,MU,Y,T,3727.0
2017-11-10,2017-10-05,MU,Y,T,3513.0
2017-11-10,2017-10-10,MU,Y,T,3255.0
2017-11-10,2017-10-11,MU,Y,T,3051.0
2017-11-10,2017-10-12,MU,Y,T,6009.0
2017-11-10,2017-10-13,MU,Y,T,5299.0
2017-11-10,2017-10-18,MU,Y,T,4504.0
2017-11-10,2017-10-19,MU,Y,T,5060.0
2017-11-10,2017-10-21,MU,Y,T,4041.0
2017-11-10,2017-10-30,MU,Y,T,3383.0
2017-11-10,2017-10-23,MU,Y,V,3762.0
2017-11-10,2017-10-31,MU,Y,V,4433.0
2017-11-10,2017-04-27,UA,Y,G,1770.0
2017-11-10,2017-05-14,UA,Y,G,3953.0
2017-11-10,2017-05-16,UA,Y,G,3951.0
2017-11-10,2017-08-11,UA,Y,G,3776.0
2017-11-10,2017-08-25,UA,Y,G,3536.0
2017-11-10,2017-09-08,UA,Y,G,3531.0
2017-11-10,2017-09-26,UA,Y,G,3630.0
2017-11-10,2017-09-28,UA,Y,G,3130.5
2017-11-10,2017-09-30,UA,Y,G,3548.0
2017-11-10,2017-10-10,UA,Y,G,3566.0
2017-11-10,2017-10-16,UA,Y,G,3515.0
2017-11-10,2017-10-20,UA,Y,G,2368.0
2017-11-10,2017-10-22,UA,Y,G,3066.5
2017-11-10,2017-10-26,UA,Y,G,3573.0
2017-11-10,2017-10-27,UA,Y,G,3651.0
2017-11-10,2017-10-28,UA,Y,G,2804.0
2017-11-10,2017-10-29,UA,Y,G,2398.0
2017-11-10,2017-10-30,UA,Y,G,3573.0
2017-11-10,2017-11-01,UA,Y,G,4158.0
2017-11-10,2017-11-02,UA,Y,G,3589.0
2017-11-10,2017-11-03,UA,Y,G,2418.0
2017-11-10,2017-11-05,UA,Y,G,4012.0
2017-11-10,2017-11-10,UA,Y,G,3994.0
2017-11-10,2017-11-02,UA,Y,K,2330.0
2017-11-10,2017-11-01,UA,Y,L,2490.0
2017-11-10,2017-11-07,UA,Y,L,4874.0
2017-11-10,2017-11-10,UA,Y,L,3152.0
2017-11-11,2017-09-01,AA,C,R,33548.0
2017-11-11,2017-10-16,AA,Y,N,8594.0
2017-11-11,2017-11-03,AA,Y,N,8641.0
2017-11-11,2017-05-17,AA,Y,O,4342.5
2017-11-11,2017-06-15,AA,Y,O,3614.0
2017-11-11,2017-07-26,AA,Y,O,3796.0
2017-11-11,2017-11-07,AA,Y,O,5860.0
2017-11-11,2017-09-25,AA,Y,S,2644.0
2017-11-11,2017-10-16,AA,Y,S,2380.0
2017-11-11,2017-10-18,AA,Y,S,2246.0
2017-11-11,2017-10-25,AA,Y,S,2351.0
2017-11-11,2017-11-03,AA,Y,S,3284.5
2017-11-11,2017-11-04,AA,Y,S,2381.0
2017-11-11,2017-11-06,AA,Y,S,2412.0
2017-11-11,2017-11-07,AA,Y,S,4330.0
2017-11-11,2017-10-23,AA,Y,V,3645.0
2017-11-11,2017-11-06,DL,Y,T,5184.0
2017-11-11,2017-10-26,DL,Y,U,5797.0
2017-11-11,2017-01-23,DL,Y,V,3592.0
2017-11-11,2017-01-26,DL,Y,V,3764.0
2017-11-11,2017-04-03,DL,Y,V,3795.0
2017-11-11,2017-07-22,DL,Y,V,5220.0
2017-11-11,2017-07-24,DL,Y,V,3698.0
2017-11-11,2017-07-27,DL,Y,V,3811.0
2017-11-11,2017-08-25,DL,Y,V,3397.0
2017-11-11,2017-09-14,DL,Y,V,3621.0
2017-11-11,2017-09-18,DL,Y,V,3567.5
2017-11-11,2017-09-26,DL,Y,V,3419.0
2017-11-11,2017-10-18,DL,Y,V,5773.0
2017-11-11,2017-10-27,DL,Y,V,6355.0
2017-11-11,2017-10-30,DL,Y,V,4903.0
2017-11-11,2017-11-02,DL,Y,V,1940.0
2017-11-11,2017-11-03,DL,Y,V,3432.0
2017-11-11,2017-11-04,DL,Y,V,3408.0
2017-11-11,2017-10-31,DL,Y,X,8018.0
2017-11-11,2017-11-05,DL,Y,X,2195.0
2017-11-11,2017-11-10,DL,Y,X,2215.0
2017-11-11,2017-11-11,DL,Y,X,2428.0
2017-11-11,2017-08-02,MU,C,I,18531.0
2017-11-11,2017-08-03,MU,C,I,18576.0
2017-11-11,2017-08-17,MU,C,I,19525.0
2017-11-11,2017-08-31,MU,C,I,19520.0
2017-11-11,2017-09-13,MU,C,I,20648.0
2017-11-11,2017-09-16,MU,C,I,14104.0
2017-11-11,2017-10-06,MU,C,I,14189.0
2017-11-11,2017-10-14,MU,C,I,16389.0
2017-11-11,2017-10-24,MU,C,I,16393.0
2017-11-11,2017-11-09,MU,C,I,19185.5
2017-11-11,2017-11-10,MU,C,I,33013.0
2017-11-11,2017-10-11,MU,C,Q,28149.0
2017-11-11,2017-11-09,MU,Y,R,8923.0
2017-11-11,2017-09-29,MU,Y,S,4641.0
2017-11-11,2017-10-01,MU,Y,S,3338.0
2017-11-11,2017-10-23,MU,Y,S,4088.0
2017-11-11,2017-11-01,MU,Y,S,4324.0
2017-11-11,2017-11-03,MU,Y,S,4147.0
2017-11-11,2017-08-12,MU,Y,T,4424.0
2017-11-11,2017-08-29,MU,Y,T,4804.0
2017-11-11,2017-09-03,MU,Y,T,2464.0
2017-11-11,2017-09-09,MU,Y,T,2260.0
2017-11-11,2017-09-17,MU,Y,T,3243.0
2017-11-11,2017-10-01,MU,Y,T,3816.0
2017-11-11,2017-10-06,MU,Y,T,3853.0
2017-11-11,2017-10-07,MU,Y,T,4364.0
2017-11-11,2017-10-12,MU,Y,T,5077.0
2017-11-11,2017-10-13,MU,Y,T,2959.0
2017-11-11,2017-10-15,MU,Y,T,5077.0
2017-11-11,2017-10-18,MU,Y,V,6864.0
2017-11-11,2017-10-30,MU,Y,V,3869.0
2017-11-11,2017-09-15,MU,Y,Z,5655.0
2017-11-11,2017-11-10,UA,C,P,13629.0
2017-11-11,2017-11-02,UA,C,Z,25149.0
2017-11-11,2017-11-10,UA,C,Z,25979.0
2017-11-11,2017-08-29,UA,Y,G,3553.0
2017-11-11,2017-09-06,UA,Y,G,4522.0
2017-11-11,2017-09-12,UA,Y,G,3529.0
2017-11-11,2017-09-13,UA,Y,G,3531.0
2017-11-11,2017-09-28,UA,Y,G,3633.5
2017-11-11,2017-10-03,UA,Y,G,3581.0
2017-11-11,2017-10-08,UA,Y,G,4223.0
2017-11-11,2017-10-09,UA,Y,G,4298.0
2017-11-11,2017-10-12,UA,Y,G,4768.0
2017-11-11,2017-10-17,UA,Y,G,3107.5
2017-11-11,2017-10-18,UA,Y,G,4346.5
2017-11-11,2017-10-19,UA,Y,G,4534.0
2017-11-11,2017-10-24,UA,Y,G,3290.0
2017-11-11,2017-10-26,UA,Y,G,4775.0
2017-11-11,2017-10-27,UA,Y,G,2348.0
2017-11-11,2017-11-09,UA,Y,G,3733.0
2017-11-11,2017-10-20,UA,Y,K,2960.0
2017-11-11,2017-10-24,UA,Y,L,2978.0
2017-11-11,2017-10-30,UA,Y,L,7027.0
2017-11-11,2017-11-11,UA,Y,L,3382.0
2017-11-11,2017-11-02,UA,Y,S,9739.0
2017-11-11,2017-11-07,UA,Y,W,4818.0
2017-11-12,2017-08-08,AA,C,I,15754.0
2017-11-12,2017-11-10,AA,Y,M,4475.0
2017-11-12,2017-11-11,AA,Y,M,5273.0
2017-11-12,2017-09-30,AA,Y,O,3773.0
2017-11-12,2017-10-12,AA,Y,O,5089.0
2017-11-12,2017-10-20,AA,Y,O,3488.0
2017-11-12,2017-10-24,AA,Y,O,3649.0
2017-11-12,2017-10-28,AA,Y,O,3586.0
2017-11-12,2017-11-02,AA,Y,O,3626.0
2017-11-12,2017-11-10,AA,Y,O,3794.0
2017-11-12,2017-09-22,AA,Y,Q,3885.0
2017-11-12,2017-11-04,AA,Y,Q,3789.5
2017-11-12,2017-11-06,AA,Y,Q,3963.0
2017-11-12,2017-11-07,AA,Y,Q,3966.0
2017-11-12,2017-09-05,AA,Y,S,2455.0
2017-11-12,2017-09-29,AA,Y,S,2587.0
2017-11-12,2017-10-29,AA,Y,S,2413.0
2017-11-12,2017-10-31,AA,Y,S,6720.0
2017-11-12,2017-11-01,AA,Y,S,2413.0
2017-11-12,2017-11-05,AA,Y,S,2507.0
2017-11-12,2017-11-06,AA,Y,S,2598.5
2017-11-12,2017-11-10,AA,Y,S,2467.0
2017-11-12,2017-09-15,DL,C,Z,14740.0
2017-11-12,2017-10-16,DL,C,Z,15356.0
2017-11-12,2017-10-20,DL,C,Z,18062.0
2017-11-12,2017-11-08,DL,C,Z,18922.0
2017-11-12,2017-11-07,DL,Y,K,7231.0
2017-11-12,2017-09-28,DL,Y,T,6299.0
2017-11-12,2017-11-07,DL,Y,T,4528.0
2017-11-12,2017-11-08,DL,Y,T,4151.0
2017-11-12,2017-10-21,DL,Y,U,3413.0
2017-11-12,2017-11-09,DL,Y,U,3289.0
2017-11-12,2017-07-21,DL,Y,V,3678.0
2017-11-12,2017-08-22,DL,Y,V,6359.0
2017-11-12,2017-09-13,DL,Y,V,4836.0
2017-11-12,2017-09-15,DL,Y,V,3710.0
2017-11-12,2017-09-29,DL,Y,V,5826.0
2017-11-12,2017-09-30,DL,Y,V,3773.0
2017-11-12,2017-10-16,DL,Y,V,3561.0
2017-11-12,2017-10-19,DL,Y,V,3769.0
2017-11-12,2017-11-01,DL,Y,V,2504.0
2017-11-12,2017-11-07,DL,Y,V,4516.0
2017-11-12,2017-10-13,DL,Y,X,4890.0
2017-11-12,2017-10-19,DL,Y,X,2083.0
2017-11-12,2017-10-20,DL,Y,X,9803.0
2017-11-12,2017-10-21,DL,Y,X,5953.0
2017-11-12,2017-10-27,DL,Y,X,2285.0
2017-11-12,2017-11-03,DL,Y,X,2234.0
2017-11-12,2017-11-07,DL,Y,X,3517.0
2017-11-12,2017-11-08,DL,Y,X,5250.0
2017-11-12,2017-11-10,DL,Y,X,2349.0
2017-11-12,2017-11-11,DL,Y,X,2267.0
2017-11-12,2017-09-02,MU,C,I,16900.0
2017-11-12,2017-10-01,MU,C,I,16393.0
2017-11-12,2017-10-03,MU,C,I,16393.0
2017-11-12,2017-10-09,MU,C,I,22033.0
2017-11-12,2017-10-18,MU,C,I,16389.0
2017-11-12,2017-10-24,MU,C,I,21273.0
2017-11-12,2017-10-27,MU,C,Q,22752.0
2017-11-12,2017-10-30,MU,C,Q,28951.0
2017-11-12,2017-10-31,MU,Y,N,8733.0
2017-11-12,2017-10-16,MU,Y,S,3606.0
2017-11-12,2017-10-25,MU,Y,S,2640.0
2017-11-12,2017-10-26,MU,Y,S,3808.0
2017-11-12,2017-10-27,MU,Y,S,2717.0
2017-11-12,2017-10-28,MU,Y,S,4857.0
2017-11-12,2017-10-29,MU,Y,S,5742.5
2017-11-12,2017-10-30,MU,Y,S,4278.0
2017-11-12,2017-10-31,MU,Y,S,8943.0
2017-11-12,2017-11-01,MU,Y,S,6853.0
2017-11-12,2017-11-02,MU,Y,S,3828.0
2017-11-12,2017-11-04,MU,Y,S,3737.0
2017-11-12,2017-07-19,MU,Y,T,5265.0
2017-11-12,2017-08-02,MU,Y,T,4284.0
2017-11-12,2017-09-01,MU,Y,T,3134.0
2017-11-12,2017-09-05,MU,Y,T,4611.0
2017-11-12,2017-09-06,MU,Y,T,6002.0
2017-11-12,2017-10-01,MU,Y,T,5437.0
2017-11-12,2017-10-07,MU,Y,T,3093.0
2017-11-12,2017-10-15,MU,Y,T,6339.0
2017-11-12,2017-10-19,MU,Y,T,2980.0
2017-11-12,2017-10-27,MU,Y,T,4163.0
2017-11-12,2017-09-18,UA,C,P,15491.0
2017-11-12,2017-10-07,UA,C,P,15502.0
2017-11-12,2017-11-08,UA,C,P,13138.0
2017-11-12,2017-10-26,UA,C,Z,17233.0
2017-11-12,2017-06-21,UA,Y,G,2554.0
2017-11-12,2017-09-08,UA,Y,G,4641.0
2017-11-12,2017-09-18,UA,Y,G,3440.0
2017-11-12,2017-09-19,UA,Y,G,3709.5
2017-11-12,2017-09-26,UA,Y,G,4433.0
2017-11-12,2017-10-23,UA,Y,G,3888.0
2017-11-12,2017-10-26,UA,Y,G,2348.0
2017-11-12,2017-10-29,UA,Y,G,3668.5
2017-11-12,2017-10-30,UA,Y,G,3217.5
2017-11-12,2017-10-31,UA,Y,G,3525.0
2017-11-12,2017-11-01,UA,Y,G,2751.0
2017-11-12,2017-11-02,UA,Y,G,3891.0
2017-11-12,2017-11-04,UA,Y,G,3927.0
2017-11-12,2017-11-05,UA,Y,G,3573.0
2017-11-12,2017-11-08,UA,Y,G,3943.0
2017-11-12,2017-11-04,UA,Y,K,2841.0
2017-11-12,2017-11-09,UA,Y,L,6909.0
2017-11-13,2017-09-14,AA,C,I,16636.0
2017-11-13,2017-11-03,AA,C,R,28946.0
2017-11-13,2017-10-19,AA,Y,N,5985.5
2017-11-13,2017-04-22,AA,Y,O,4474.0
2017-11-13,2017-08-03,AA,Y,O,5527.0
2017-11-13,2017-09-11,AA,Y,O,2007.0
2017-11-13,2017-10-05,AA,Y,O,5139.0
2017-11-13,2017-10-12,AA,Y,O,4071.0
2017-11-13,2017-10-24,AA,Y,O,3562.0
2017-11-13,2017-11-03,AA,Y,O,2044.5
2017-11-13,2017-11-04,AA,Y,O,3607.0
2017-11-13,2017-11-05,AA,Y,O,3793.0
2017-11-13,2017-11-06,AA,Y,O,3623.0
2017-11-13,2017-11-07,AA,Y,O,11503.0
2017-11-13,2017-11-11,AA,Y,O,5623.0
2017-11-13,2017-10-24,AA,Y,Q,4375.0
2017-11-13,2017-11-08,AA,Y,Q,5592.0
2017-11-13,2017-11-09,AA,Y,Q,3966.0
2017-11-13,2017-08-31,AA,Y,S,2411.0
2017-11-13,2017-09-12,AA,Y,S,2454.0
2017-11-13,2017-09-13,AA,Y,S,2555.0
2017-11-13,2017-09-14,AA,Y,S,2455.0
2017-11-13,2017-10-27,AA,Y,S,2467.0
2017-11-13,2017-11-02,AA,Y,S,2413.0
2017-11-13,2017-09-02,DL,C,Z,13542.0
2017-11-13,2017-11-04,DL,C,Z,14902.0
2017-11-13,2017-11-04,DL,Y,L,6218.0
2017-11-13,2017-10-31,DL,Y,U,4521.0
2017-11-13,2017-08-29,DL,Y,V,3619.0
2017-11-13,2017-09-07,DL,Y,V,3459.5
2017-11-13,2017-09-17,DL,Y,V,3724.0
2017-11-13,2017-10-03,DL,Y,V,2412.0
2017-11-13,2017-10-15,DL,Y,V,2863.0
2017-11-13,2017-10-28,DL,Y,V,3349.0
2017-11-13,2017-10-31,DL,Y,V,1790.0
2017-11-13,2017-11-02,DL,Y,V,3145.0
2017-11-13,2017-11-04,DL,Y,V,3534.0
2017-11-13,2017-11-10,DL,Y,V,3327.0
2017-11-13,2017-11-02,DL,Y,X,2227.0
2017-11-13,2017-11-03,DL,Y,X,2233.0
2017-11-13,2017-11-09,DL,Y,X,2267.0
2017-11-13,2017-11-10,DL,Y,X,2268.0
2017-11-13,2017-09-13,MU,C,I,20650.0
2017-11-13,2017-09-17,MU,C,I,18521.0
2017-11-13,2017-10-07,MU,C,I,12195.0
2017-11-13,2017-10-18,MU,C,I,16389.0
2017-11-13,2017-10-19,MU,C,I,16390.0
2017-11-13,2017-11-09,MU,Y,N,7207.0
2017-11-13,2017-11-02,MU,Y,R,5178.0
2017-11-13,2017-10-22,MU,Y,S,2889.0
2017-11-13,2017-10-25,MU,Y,S,5798.0
2017-11-13,2017-10-28,MU,Y,S,6433.0
2017-11-13,2017-10-31,MU,Y,S,7657.5
2017-11-13,2017-10-16,MU,Y,T,4296.5
2017-11-13,2017-09-03,MU,Y,V,4850.0
2017-11-13,2017-10-06,MU,Y,V,4163.0
2017-11-13,2017-08-31,UA,C,P,15321.0
2017-11-13,2017-10-08,UA,C,P,9705.0
2017-11-13,2017-10-18,UA,C,P,14037.0
2017-11-13,2017-10-25,UA,C,P,15123.0
2017-11-13,2017-11-06,UA,C,P,13717.0
2017-11-13,2017-09-26,UA,Y,G,3601.0
2017-11-13,2017-10-24,UA,Y,G,3779.0
2017-11-13,2017-11-01,UA,Y,G,3550.0
2017-11-13,2017-11-02,UA,Y,G,2532.0
2017-11-13,2017-11-03,UA,Y,G,4016.0
2017-11-13,2017-11-06,UA,Y,G,3524.0
2017-11-13,2017-11-10,UA,Y,G,3961.0
2017-11-13,2017-11-13,UA,Y,G,3599.5
2017-11-14,2017-10-11,AA,C,D,9564.0
2017-11-14,2017-10-20,AA,C,D,11935.0
2017-11-14,2017-11-03,AA,C,J,19159.0
2017-11-14,2017-06-10,AA,Y,O,3581.0
2017-11-14,2017-06-15,AA,Y,O,3581.0
2017-11-14,2017-09-06,AA,Y,O,4094.0
2017-11-14,2017-10-05,AA,Y,O,3450.0
2017-11-14,2017-10-10,AA,Y,O,3600.0
2017-11-14,2017-11-11,AA,Y,O,3966.0
2017-11-14,2017-11-12,AA,Y,O,5555.0
2017-11-14,2017-11-14,AA,Y,O,3864.0
2017-11-14,2017-10-20,AA,Y,S,5039.5
2017-11-14,2017-11-10,AA,Y,S,3553.0
2017-11-14,2017-11-02,AA,Y,V,4473.0
2017-11-14,2017-11-03,DL,C,I,31483.0
2017-11-14,2017-11-08,DL,C,I,12741.0
2017-11-14,2017-11-04,DL,C,Z,16655.5
2017-11-14,2017-11-04,DL,S,W,5212.0
2017-11-14,2017-11-07,DL,Y,T,4527.0
2017-11-14,2017-10-31,DL,Y,U,3274.0
2017-11-14,2017-08-17,DL,Y,V,3651.0
2017-11-14,2017-09-15,DL,Y,V,3534.0
2017-11-14,2017-09-30,DL,Y,V,2923.0
2017-11-14,2017-10-03,DL,Y,V,3570.0
2017-11-14,2017-10-20,DL,Y,V,2719.0
2017-11-14,2017-10-23,DL,Y,V,3562.0
2017-11-14,2017-10-29,DL,Y,V,5892.0
2017-11-14,2017-10-30,DL,Y,V,3404.5
2017-11-14,2017-11-04,DL,Y,V,3406.0
2017-11-14,2017-11-07,DL,Y,V,3430.5
2017-11-14,2017-11-09,DL,Y,V,8567.0
2017-11-14,2017-10-30,DL,Y,X,2344.0
2017-11-14,2017-11-07,DL,Y,X,2213.0
2017-11-14,2017-11-09,DL,Y,X,2223.0
2017-11-14,2017-11-13,DL,Y,X,2451.0
2017-11-14,2017-11-14,DL,Y,X,2401.0
2017-11-14,2017-08-24,MU,C,I,21347.0
2017-11-14,2017-09-01,MU,C,I,16898.0
2017-11-14,2017-09-22,MU,C,I,14249.0
2017-11-14,2017-09-27,MU,C,I,21902.0
2017-11-14,2017-09-28,MU,C,I,0.0
2017-11-14,2017-10-18,MU,C,I,16389.0
2017-11-14,2017-10-19,MU,C,I,16535.0
2017-11-14,2017-10-20,MU,C,I,12854.0
2017-11-14,2017-10-23,MU,C,I,45910.0
2017-11-14,2017-10-29,MU,C,I,16653.0
2017-11-14,2017-10-30,MU,C,I,16393.0
2017-11-14,2017-11-14,MU,C,Q,25318.0
2017-11-14,2017-10-20,MU,Y,S,4726.0
2017-11-14,2017-10-25,MU,Y,S,2716.0
2017-11-14,2017-10-30,MU,Y,S,3980.0
2017-11-14,2017-11-03,MU,Y,S,7000.0
2017-11-14,2017-11-09,MU,Y,S,4037.0
2017-11-14,2017-11-14,MU,Y,S,4208.0
2017-11-14,2017-07-21,MU,Y,T,3074.0
2017-11-14,2017-08-01,MU,Y,T,2636.0
2017-11-14,2017-08-14,MU,Y,T,2495.0
2017-11-14,2017-09-04,MU,Y,T,4560.0
2017-11-14,2017-09-11,MU,Y,T,4483.0
2017-11-14,2017-09-26,MU,Y,T,3248.0
2017-11-14,2017-10-25,MU,Y,T,5670.0
2017-11-14,2017-10-26,MU,Y,T,3023.0
2017-11-14,2017-10-27,MU,Y,T,3654.0
2017-11-14,2017-10-28,MU,Y,T,3540.0
2017-11-14,2017-10-31,MU,Y,T,3853.0
2017-11-14,2017-09-27,MU,Y,V,3956.0
2017-11-14,2017-09-29,MU,Y,V,3687.0
2017-11-14,2017-10-02,MU,Y,V,4103.0
2017-11-14,2017-10-23,UA,C,P,38696.0
2017-11-14,2017-10-24,UA,C,P,38887.0
2017-11-14,2017-11-13,UA,Y,G,2393.5
2017-11-15,2017-09-27,AA,C,D,8531.0
2017-11-15,2017-11-02,AA,C,J,26646.0
2017-11-15,2017-10-22,AA,Y,N,4997.0
2017-11-15,2017-11-10,AA,Y,N,3919.0
2017-11-15,2017-03-01,AA,Y,O,3604.5
2017-11-15,2017-07-02,AA,Y,O,4197.0
2017-11-15,2017-08-19,AA,Y,O,3627.0
2017-11-15,2017-09-11,AA,Y,O,3567.0
2017-11-15,2017-10-07,AA,Y,O,4860.0
2017-11-15,2017-10-16,AA,Y,O,3731.0
2017-11-15,2017-10-27,AA,Y,O,3387.0
2017-11-15,2017-11-08,AA,Y,O,4680.0
2017-11-15,2017-11-12,AA,Y,O,4049.0
2017-11-15,2017-11-14,AA,Y,O,4785.0
2017-11-15,2017-10-18,AA,Y,Q,5994.0
2017-11-15,2017-11-08,AA,Y,Q,4106.0
2017-11-15,2017-10-12,AA,Y,S,2319.0
2017-11-15,2017-11-03,AA,Y,S,2420.0
2017-11-15,2017-11-06,AA,Y,S,2412.0
2017-11-15,2017-11-07,AA,Y,S,2469.0
2017-11-15,2017-11-09,AA,Y,S,2413.0
2017-11-15,2017-11-14,AA,Y,V,2572.0
2017-11-15,2017-10-17,DL,C,I,30340.0
2017-11-15,2017-09-30,DL,Y,L,10409.0
2017-11-15,2017-11-14,MU,C,D,40313.0
2017-11-15,2017-10-07,MU,C,I,48707.0
2017-11-15,2017-10-09,MU,C,I,16393.0
2017-11-15,2017-10-10,MU,C,I,16393.0
2017-11-15,2017-11-13,MU,C,I,26363.0
2017-11-15,2017-11-06,MU,Y,R,7480.0
2017-11-15,2017-08-23,MU,Y,S,3249.0
2017-11-15,2017-10-09,MU,Y,S,7373.0
2017-11-15,2017-07-24,MU,Y,T,4470.0
2017-11-15,2017-07-27,MU,Y,T,4270.0
2017-11-15,2017-08-19,MU,Y,T,5035.0
2017-11-15,2017-09-04,MU,Y,T,3450.0
2017-11-15,2017-09-22,MU,Y,T,3908.0
2017-11-15,2017-09-04,MU,Y,V,4165.0
2017-11-15,2017-09-14,MU,Y,V,6203.0
2017-11-15,2017-07-14,MU,Y,Z,4673.0
2017-11-15,2017-08-29,MU,Y,Z,3363.0
2017-11-15,2017-09-02,UA,C,P,17526.0
2017-11-15,2017-09-14,UA,C,P,15633.0
2017-11-15,2017-11-09,UA,C,P,13137.0
2017-11-15,2017-08-27,UA,Y,G,3563.5
2017-11-15,2017-08-30,UA,Y,G,3449.0
2017-11-15,2017-09-28,UA,Y,G,3589.0
2017-11-15,2017-10-05,UA,Y,G,2380.0
2017-11-15,2017-10-13,UA,Y,G,3585.0
2017-11-15,2017-10-17,UA,Y,G,3668.0
2017-11-15,2017-10-24,UA,Y,G,4091.0
2017-11-15,2017-10-25,UA,Y,G,3542.0
2017-11-15,2017-10-27,UA,Y,G,3573.0
2017-11-15,2017-11-03,UA,Y,G,3573.0
2017-11-15,2017-11-05,UA,Y,G,3573.0
2017-11-15,2017-11-07,UA,Y,G,3572.0
2017-11-15,2017-11-08,UA,Y,G,4529.0
2017-11-15,2017-11-09,UA,Y,G,3988.0
2017-11-15,2017-11-10,UA,Y,G,3961.0
2017-11-15,2017-11-11,UA,Y,G,2427.5
2017-11-15,2017-11-12,UA,Y,G,2374.0
2017-11-15,2017-11-13,UA,Y,G,3943.0
2017-11-15,2017-11-15,UA,Y,L,4899.0
2017-11-16,2017-09-11,AA,C,D,1800.0
2017-11-16,2017-11-14,AA,C,J,19160.0
2017-11-16,2017-03-29,AA,Y,N,4129.0
2017-11-16,2017-10-17,AA,Y,N,9973.0
2017-11-16,2017-10-23,AA,Y,N,4720.0
2017-11-16,2017-03-08,AA,Y,O,3667.0
2017-11-16,2017-10-01,AA,Y,O,3364.0
2017-11-16,2017-10-08,AA,Y,O,4377.0
2017-11-16,2017-10-27,AA,Y,O,3281.0
2017-11-16,2017-10-30,AA,Y,O,3562.0
2017-11-16,2017-11-01,AA,Y,O,4582.0
2017-11-16,2017-11-08,AA,Y,O,2695.0
2017-11-16,2017-11-11,AA,Y,O,5066.0
2017-11-16,2017-11-12,AA,Y,O,3966.0
2017-11-16,2017-11-13,AA,Y,O,3966.0
2017-11-16,2017-11-05,AA,Y,Q,3963.0
2017-11-16,2017-11-15,AA,Y,Q,4381.0
2017-11-16,2017-10-23,AA,Y,S,2413.0
2017-11-16,2017-11-08,DL,Y,T,3990.0
2017-11-16,2017-06-06,DL,Y,V,4951.0
2017-11-16,2017-08-25,DL,Y,V,3597.0
2017-11-16,2017-09-02,DL,Y,V,3488.0
2017-11-16,2017-09-21,DL,Y,V,3531.0
2017-11-16,2017-09-27,DL,Y,V,3372.0
2017-11-16,2017-09-30,DL,Y,V,3773.0
2017-11-16,2017-10-17,DL,Y,V,3679.0
2017-11-16,2017-10-23,DL,Y,V,5018.5
2017-11-16,2017-10-25,DL,Y,V,3767.0
2017-11-16,2017-10-27,DL,Y,V,3797.5
2017-11-16,2017-10-28,DL,Y,V,3197.0
2017-11-16,2017-10-30,DL,Y,V,3945.0
2017-11-16,2017-10-31,DL,Y,V,3421.0
2017-11-16,2017-11-02,DL,Y,V,3439.0
2017-11-16,2017-11-03,DL,Y,V,3431.5
2017-11-16,2017-11-07,DL,Y,V,3301.0
2017-11-16,2017-10-09,DL,Y,X,2488.0
2017-11-16,2017-11-03,DL,Y,X,2224.0
2017-11-16,2017-11-04,DL,Y,X,2233.0
2017-11-16,2017-11-09,DL,Y,X,2218.0
2017-11-16,2017-11-15,DL,Y,X,2520.0
2017-11-16,2017-07-08,MU,C,I,16953.0
2017-11-16,2017-07-24,MU,C,I,720.0
2017-11-16,2017-09-13,MU,C,I,720.0
2017-11-16,2017-10-13,MU,C,I,30755.0
2017-11-16,2017-11-16,MU,Y,R,6110.5
2017-11-16,2017-10-03,MU,Y,S,3975.0
2017-11-16,2017-10-26,MU,Y,S,3678.0
2017-11-16,2017-10-27,MU,Y,S,6300.0
2017-11-16,2017-11-06,MU,Y,S,6740.0
2017-11-16,2017-11-08,MU,Y,S,7732.0
2017-11-16,2017-08-18,MU,Y,T,3152.0
2017-11-16,2017-08-22,MU,Y,T,3086.0
2017-11-16,2017-09-03,MU,Y,T,3089.0
2017-11-16,2017-09-11,MU,Y,T,3805.0
2017-11-16,2017-09-29,MU,Y,T,3853.0
2017-11-16,2017-10-14,MU,Y,T,3849.0
2017-11-16,2017-10-18,MU,Y,T,3849.0
2017-11-16,2017-10-29,MU,Y,V,6313.0
2017-11-16,2017-11-09,MU,Y,Z,6314.0
2017-11-16,2017-07-29,UA,Y,G,3690.0
2017-11-16,2017-08-03,UA,Y,G,3716.0
2017-11-16,2017-08-18,UA,Y,G,4155.0
2017-11-16,2017-10-04,UA,Y,G,2380.0
2017-11-16,2017-10-07,UA,Y,G,3548.0
2017-11-16,2017-10-12,UA,Y,G,3965.5
2017-11-16,2017-10-17,UA,Y,G,2972.0
2017-11-16,2017-10-19,UA,Y,G,3519.0
2017-11-16,2017-10-27,UA,Y,G,3513.0
2017-11-16,2017-10-28,UA,Y,G,2989.0
2017-11-16,2017-11-01,UA,Y,G,3590.0
2017-11-16,2017-11-04,UA,Y,G,3573.0
2017-11-16,2017-11-10,UA,Y,G,3961.0
2017-11-16,2017-11-14,UA,Y,G,4947.0
2017-11-16,2017-09-16,UA,Y,K,12502.0
2017-11-16,2017-09-23,UA,Y,K,4740.0
2017-11-17,2017-11-11,AA,Y,M,4785.0
2017-11-17,2017-10-22,AA,Y,N,4643.0
2017-11-17,2017-06-07,AA,Y,O,4504.0
2017-11-17,2017-06-19,AA,Y,O,4057.0
2017-11-17,2017-07-07,AA,Y,O,3894.0
2017-11-17,2017-08-22,AA,Y,O,4728.0
2017-11-17,2017-08-31,AA,Y,O,3604.0
2017-11-17,2017-09-05,AA,Y,O,3473.0
2017-11-17,2017-09-13,AA,Y,O,3546.0
2017-11-17,2017-09-20,AA,Y,O,3811.0
2017-11-17,2017-10-03,AA,Y,O,5257.0
2017-11-17,2017-10-07,AA,Y,O,4266.0
2017-11-17,2017-09-02,AA,Y,Q,3501.0
2017-11-17,2017-09-07,AA,Y,S,2455.0
2017-11-17,2017-09-13,AA,Y,S,2455.0
2017-11-17,2017-10-02,AA,Y,S,5444.0
2017-11-17,2017-10-18,AA,Y,S,2589.0
2017-11-17,2017-11-03,AA,Y,S,2412.0
2017-11-17,2017-11-06,AA,Y,S,2412.0
2017-11-17,2017-11-07,AA,Y,S,2413.0
2017-11-17,2017-10-17,DL,Y,K,7235.0
2017-11-17,2017-11-03,DL,Y,T,4998.0
2017-11-17,2017-11-15,DL,Y,T,3520.0
2017-11-17,2017-06-26,DL,Y,V,4090.0
2017-11-17,2017-07-21,DL,Y,V,3689.0
2017-11-17,2017-07-26,DL,Y,V,3723.0
2017-11-17,2017-08-08,DL,Y,V,3426.0
2017-11-17,2017-10-09,DL,Y,V,3669.5
2017-11-17,2017-10-11,DL,Y,V,3933.0
2017-11-17,2017-10-23,DL,Y,V,3476.0
2017-11-17,2017-10-27,DL,Y,V,3339.0
2017-11-17,2017-10-30,DL,Y,V,3569.0
2017-11-17,2017-11-01,DL,Y,V,3379.0
2017-11-17,2017-11-02,DL,Y,V,3331.0
2017-11-17,2017-11-03,DL,Y,V,3432.0
2017-11-17,2017-11-05,DL,Y,V,3445.0
2017-11-17,2017-11-06,DL,Y,V,3437.5
2017-11-17,2017-11-09,DL,Y,V,3428.5
2017-11-17,2017-08-21,DL,Y,X,4148.0
2017-11-17,2017-09-27,DL,Y,X,4799.0
2017-11-17,2017-11-03,DL,Y,X,2316.0
2017-11-17,2017-11-04,DL,Y,X,2209.0
2017-11-17,2017-11-05,DL,Y,X,2234.5
2017-11-17,2017-11-07,DL,Y,X,2164.0
2017-11-17,2017-11-08,DL,Y,X,2243.0
2017-11-17,2017-11-10,DL,Y,X,2355.0
2017-11-17,2017-11-11,DL,Y,X,2386.0
2017-11-17,2017-11-14,DL,Y,X,2966.5
2017-11-17,2017-10-30,DL,Y,Y,3569.0
2017-11-17,2017-07-20,MU,C,I,18954.0
2017-11-17,2017-08-16,MU,C,I,19523.0
2017-11-17,2017-09-01,MU,C,I,17828.0
2017-11-17,2017-09-15,MU,C,I,19515.0
2017-11-17,2017-09-30,MU,C,I,18769.0
2017-11-17,2017-10-18,MU,C,Q,22029.0
2017-11-17,2017-10-20,MU,C,Q,17608.0
2017-11-17,2017-10-22,MU,C,Q,22982.0
2017-11-17,2017-10-11,MU,Y,S,4295.0
2017-11-17,2017-11-15,MU,Y,S,4455.0
2017-11-17,2017-08-05,MU,Y,T,4042.0
2017-11-17,2017-08-11,MU,Y,T,3965.0
2017-11-17,2017-09-02,MU,Y,T,3083.0
2017-11-17,2017-09-07,MU,Y,T,4122.0
2017-11-17,2017-09-09,MU,Y,T,3841.0
2017-11-17,2017-09-18,MU,Y,T,3845.0
2017-11-17,2017-09-24,MU,Y,T,3850.0
2017-11-17,2017-09-30,MU,Y,T,3853.0
2017-11-17,2017-10-01,MU,Y,T,3853.0
2017-11-17,2017-10-03,MU,Y,T,3918.0
2017-11-17,2017-10-06,MU,Y,T,3043.0
2017-11-17,2017-10-08,MU,Y,T,3923.0
2017-11-17,2017-10-09,MU,Y,T,4005.0
2017-11-17,2017-10-14,MU,Y,T,5269.0
2017-11-17,2017-10-15,MU,Y,T,3174.0
2017-11-17,2017-10-16,MU,Y,T,3284.0
2017-11-17,2017-10-18,MU,Y,T,3849.0
2017-11-17,2017-10-21,MU,Y,T,3852.0
2017-11-17,2017-10-24,MU,Y,T,3853.0
2017-11-17,2017-10-19,MU,Y,V,3522.0
2017-11-17,2017-10-25,MU,Y,V,3967.0
2017-11-17,2017-08-26,MU,Y,Z,4363.0
2017-11-17,2017-03-02,UA,Y,G,3926.0
2017-11-17,2017-08-01,UA,Y,G,4294.0
2017-11-17,2017-08-20,UA,Y,G,3718.5
2017-11-17,2017-09-05,UA,Y,G,3372.0
2017-11-17,2017-09-16,UA,Y,G,4621.0
2017-11-17,2017-09-25,UA,Y,G,3601.0
2017-11-17,2017-09-27,UA,Y,G,3867.0
2017-11-17,2017-09-29,UA,Y,G,3629.0
2017-11-17,2017-10-09,UA,Y,G,2380.0
2017-11-17,2017-10-10,UA,Y,G,5303.0
2017-11-17,2017-10-15,UA,Y,G,2365.0
2017-11-17,2017-10-16,UA,Y,G,3787.0
2017-11-17,2017-10-17,UA,Y,G,4640.0
2017-11-17,2017-10-23,UA,Y,G,4377.0
2017-11-17,2017-10-26,UA,Y,G,2931.5
2017-11-17,2017-10-27,UA,Y,G,3645.0
2017-11-17,2017-10-28,UA,Y,G,3289.0
2017-11-17,2017-11-02,UA,Y,G,3992.5
2017-11-17,2017-11-09,UA,Y,G,3632.0
2017-11-17,2017-11-12,UA,Y,G,2529.0
2017-11-17,2017-11-14,UA,Y,G,3887.0
2017-11-17,2017-11-16,UA,Y,G,3957.0
2017-11-18,2017-07-22,AA,C,D,19139.0
2017-11-18,2017-10-11,AA,C,D,9564.0
2017-11-18,2017-11-16,AA,Y,N,4047.0
2017-11-18,2017-11-17,AA,Y,N,4132.0
2017-11-18,2017-10-12,AA,Y,O,3541.0
2017-11-18,2017-10-14,AA,Y,O,3542.0
2017-11-18,2017-10-15,AA,Y,O,3558.0
2017-11-18,2017-10-28,AA,Y,O,3711.0
2017-11-18,2017-11-01,AA,Y,O,3562.0
2017-11-18,2017-11-02,AA,Y,O,4942.0
2017-11-18,2017-11-08,AA,Y,O,5488.0
2017-11-18,2017-09-06,AA,Y,Q,3841.0
2017-11-18,2017-10-22,AA,Y,Q,3795.0
2017-11-18,2017-11-05,AA,Y,Q,3963.0
2017-11-18,2017-11-08,AA,Y,Q,7313.0
2017-11-18,2017-08-31,AA,Y,S,2411.0
2017-11-18,2017-10-30,AA,Y,S,2257.5
2017-11-18,2017-11-02,AA,Y,S,2413.0
2017-11-18,2017-11-03,AA,Y,S,2350.0
2017-11-18,2017-11-08,AA,Y,S,2413.0
2017-11-18,2017-11-15,AA,Y,V,2363.0
2017-11-18,2017-11-18,AA,Y,V,2413.0
2017-11-18,2017-08-30,DL,C,Z,19794.0
2017-11-18,2017-11-14,DL,C,Z,18089.0
2017-11-18,2017-11-12,DL,Y,L,3869.0
2017-11-18,2017-11-16,DL,Y,T,4038.0
2017-11-18,2017-11-07,DL,Y,U,8164.0
2017-11-18,2017-04-23,DL,Y,V,3742.0
2017-11-18,2017-08-25,DL,Y,V,3821.0
2017-11-18,2017-09-02,DL,Y,V,3533.0
2017-11-18,2017-09-05,DL,Y,V,4503.0
2017-11-18,2017-09-24,DL,Y,V,3713.0
2017-11-18,2017-09-27,DL,Y,V,3428.0
2017-11-18,2017-10-15,DL,Y,V,6075.0
2017-11-18,2017-10-18,DL,Y,V,3717.0
2017-11-18,2017-10-19,DL,Y,V,2868.0
2017-11-18,2017-10-25,DL,Y,V,4173.0
2017-11-18,2017-10-27,DL,Y,V,3218.0
2017-11-18,2017-10-29,DL,Y,V,3503.0
2017-11-18,2017-10-30,DL,Y,V,3791.0
2017-11-18,2017-10-31,DL,Y,V,2601.5
2017-11-18,2017-11-10,DL,Y,V,3349.0
2017-11-18,2017-11-12,DL,Y,V,3815.0
2017-11-18,2017-08-17,DL,Y,X,2472.0
2017-11-18,2017-10-16,DL,Y,X,5172.0
2017-11-18,2017-10-17,DL,Y,X,2294.0
2017-11-18,2017-11-06,DL,Y,X,2222.0
2017-11-18,2017-10-24,MU,C,D,14640.0
2017-11-18,2017-08-10,MU,C,I,21532.0
2017-11-18,2017-08-18,MU,C,I,14711.0
2017-11-18,2017-09-17,MU,C,I,19515.0
2017-11-18,2017-09-20,MU,C,I,15086.0
2017-11-18,2017-09-21,MU,C,I,18608.0
2017-11-18,2017-09-29,MU,C,I,18759.0
2017-11-18,2017-10-01,MU,C,I,16393.0
2017-11-18,2017-10-05,MU,C,I,16393.0
2017-11-18,2017-11-15,MU,C,I,27734.0
2017-11-18,2017-10-22,MU,Y,S,3808.0
2017-11-18,2017-10-26,MU,Y,S,7813.0
2017-11-18,2017-10-27,MU,Y,S,2827.0
2017-11-18,2017-10-28,MU,Y,S,3338.0
2017-11-18,2017-10-30,MU,Y,S,4093.0
2017-11-18,2017-11-02,MU,Y,S,7468.0
2017-11-18,2017-11-03,MU,Y,S,6773.0
2017-11-18,2017-11-07,MU,Y,S,6593.0
2017-11-18,2017-11-16,MU,Y,S,4278.0
2017-11-18,2017-07-18,MU,Y,T,4370.0
2017-11-18,2017-08-02,MU,Y,T,2329.0
2017-11-18,2017-08-30,MU,Y,T,3614.0
2017-11-18,2017-09-10,MU,Y,T,3841.0
2017-11-18,2017-09-13,MU,Y,T,3843.0
2017-11-18,2017-09-20,MU,Y,T,4298.0
2017-11-18,2017-09-22,MU,Y,T,3848.0
2017-11-18,2017-10-01,MU,Y,T,3853.0
2017-11-18,2017-10-05,MU,Y,T,3853.0
2017-11-18,2017-10-07,MU,Y,T,2943.0
2017-11-18,2017-10-18,MU,Y,T,5692.0
2017-11-18,2017-10-23,MU,Y,T,5364.0
2017-11-18,2017-06-18,MU,Y,V,3666.0
2017-11-18,2017-09-30,MU,Y,V,3923.0
2017-11-18,2017-10-22,MU,Y,V,3130.0
2017-11-18,2017-10-24,MU,Y,V,4913.0
2017-11-18,2017-10-26,MU,Y,V,3609.0
2017-11-18,2017-09-14,UA,Y,G,3531.0
2017-11-18,2017-10-12,UA,Y,G,3998.0
2017-11-18,2017-10-22,UA,Y,G,2442.0
2017-11-18,2017-10-24,UA,Y,G,3183.0
2017-11-18,2017-10-25,UA,Y,G,3511.0
2017-11-18,2017-10-27,UA,Y,G,3090.5
2017-11-18,2017-11-11,UA,Y,G,2455.0
2017-11-18,2017-11-12,UA,Y,G,2503.0
2017-11-18,2017-11-14,UA,Y,G,3973.5
2017-11-18,2017-11-16,UA,Y,K,2854.0
2017-11-18,2017-11-16,UA,Y,S,5228.0
2017-11-19,2017-11-04,AA,C,D,3130.0
2017-11-19,2017-11-10,AA,C,D,20621.0
2017-11-19,2017-11-16,AA,C,D,6730.0
2017-11-19,2017-10-22,AA,Y,N,4683.0
2017-11-19,2017-11-17,AA,Y,N,3978.0
2017-11-19,2017-11-19,AA,Y,N,4132.0
2017-11-19,2017-06-18,AA,Y,O,4064.0
2017-11-19,2017-10-30,AA,Y,O,3582.0
2017-11-19,2017-10-31,AA,Y,O,4777.0
2017-11-19,2017-11-03,AA,Y,O,3559.0
2017-11-19,2017-11-10,AA,Y,O,3626.0
2017-11-19,2017-11-14,AA,Y,O,4878.5
2017-11-19,2017-11-17,AA,Y,O,5554.0
2017-11-19,2017-11-04,AA,Y,Q,5596.0
2017-11-19,2017-10-17,AA,Y,S,2410.0
2017-11-19,2017-11-02,AA,Y,S,2413.0
2017-11-19,2017-11-15,AA,Y,V,5170.0
2017-11-19,2017-11-17,AA,Y,V,2413.0
2017-11-19,2017-11-18,AA,Y,V,1372.0
2017-11-19,2017-11-17,DL,C,Z,13221.0
2017-11-19,2017-11-19,DL,C,Z,12841.0
2017-11-19,2017-11-03,DL,Y,T,5626.0
2017-11-19,2017-11-08,DL,Y,T,6786.0
2017-11-19,2017-08-07,DL,Y,V,3664.0
2017-11-19,2017-09-12,DL,Y,V,3805.0
2017-11-19,2017-09-25,DL,Y,V,3493.0
2017-11-19,2017-09-30,DL,Y,V,3674.0
2017-11-19,2017-10-21,DL,Y,V,5042.0
2017-11-19,2017-10-22,DL,Y,V,3526.0
2017-11-19,2017-10-25,DL,Y,V,3686.0
2017-11-19,2017-10-26,DL,Y,V,3389.0
2017-11-19,2017-11-01,DL,Y,V,3341.0
2017-11-19,2017-11-02,DL,Y,V,3383.0
2017-11-19,2017-11-03,DL,Y,V,3430.0
2017-11-19,2017-11-10,DL,Y,V,3349.0
2017-11-19,2017-09-06,DL,Y,X,2342.0
2017-11-19,2017-10-01,DL,Y,X,2622.0
2017-11-19,2017-11-07,DL,Y,X,2208.0
2017-11-19,2017-11-11,DL,Y,X,3853.0
2017-11-19,2017-11-16,DL,Y,X,2399.0
2017-11-19,2017-11-19,DL,Y,X,2445.0
2017-11-19,2017-11-06,MU,C,D,30877.0
2017-11-19,2017-07-25,MU,C,I,17538.0
2017-11-19,2017-08-09,MU,C,I,10566.0
2017-11-19,2017-10-23,MU,C,I,16392.0
2017-11-19,2017-10-14,MU,C,Q,22029.0
2017-11-19,2017-10-27,MU,C,Q,23283.0
2017-11-19,2017-10-31,MU,Y,S,6698.0
2017-11-19,2017-11-04,MU,Y,S,3497.0
2017-11-19,2017-11-07,MU,Y,S,7734.0
2017-11-19,2017-11-08,MU,Y,S,6973.0
2017-11-19,2017-11-12,MU,Y,S,3898.0
2017-11-19,2017-11-14,MU,Y,S,4695.0
2017-11-19,2017-11-18,MU,Y,S,3918.0
2017-11-19,2017-07-30,MU,Y,T,3790.0
2017-11-19,2017-09-07,MU,Y,T,3845.0
2017-11-19,2017-09-17,MU,Y,T,3906.0
2017-11-19,2017-10-01,MU,Y,T,3853.0
2017-11-19,2017-10-06,MU,Y,T,3263.0
2017-11-19,2017-10-07,MU,Y,T,3495.0
2017-11-19,2017-10-09,MU,Y,T,3853.0
2017-11-19,2017-10-10,MU,Y,T,3455.0
2017-11-19,2017-10-11,MU,Y,T,3516.0
2017-11-19,2017-10-12,MU,Y,T,3648.0
2017-11-19,2017-10-16,MU,Y,T,3849.0
2017-11-19,2017-10-28,MU,Y,T,2720.0
2017-11-19,2017-06-12,MU,Y,V,5174.0
2017-11-19,2017-09-06,MU,Y,V,4128.0
2017-11-19,2017-10-25,MU,Y,V,3883.0
2017-11-19,2017-11-07,UA,C,Z,27259.0
2017-11-19,2017-11-10,UA,C,Z,22905.0
2017-11-19,2017-09-01,UA,Y,G,3763.5
2017-11-19,2017-09-03,UA,Y,G,3673.0
2017-11-19,2017-10-15,UA,Y,G,2416.0
2017-11-19,2017-10-16,UA,Y,G,4253.0
2017-11-19,2017-10-19,UA,Y,G,3597.0
2017-11-19,2017-10-23,UA,Y,G,3656.0
2017-11-19,2017-10-24,UA,Y,G,3522.0
2017-11-19,2017-10-31,UA,Y,G,2364.0
2017-11-19,2017-11-01,UA,Y,G,3808.0
2017-11-19,2017-11-03,UA,Y,G,2418.0
2017-11-19,2017-11-06,UA,Y,G,3598.0
2017-11-19,2017-11-10,UA,Y,G,4021.0
2017-11-19,2017-11-14,UA,Y,G,3910.0
2017-11-19,2017-11-17,UA,Y,G,2487.0
2017-11-19,2017-11-12,UA,Y,W,8707.0
2017-11-20,2017-10-07,AA,C,D,9564.0
2017-11-20,2017-10-25,AA,C,D,10391.0
2017-11-20,2017-11-17,AA,C,D,12845.0
2017-11-20,2017-11-19,AA,C,D,12965.0
2017-11-20,2017-09-14,AA,C,I,15740.0
2017-11-20,2017-11-17,AA,Y,L,6025.0
2017-11-20,2017-10-26,AA,Y,O,5573.0
2017-11-20,2017-10-31,AA,Y,O,4996.0
2017-11-20,2017-11-09,AA,Y,O,3786.0
2017-11-20,2017-11-14,AA,Y,O,3907.0
2017-11-20,2017-11-18,AA,Y,O,5860.0
2017-11-20,2017-11-17,AA,Y,Q,3966.0
2017-11-20,2017-09-19,AA,Y,S,2455.0
2017-11-20,2017-11-10,AA,Y,S,2467.0
2017-11-20,2017-11-17,AA,Y,V,2413.0
2017-11-20,2017-11-19,AA,Y,V,2413.0
2017-11-20,2017-11-18,DL,C,C,42945.0
2017-11-20,2017-11-18,DL,C,D,25003.0
2017-11-20,2017-10-27,DL,C,I,18309.0
2017-11-20,2017-11-07,DL,C,I,21184.0
2017-11-20,2017-07-30,DL,C,Z,15377.0
2017-11-20,2017-09-19,DL,C,Z,14012.0
2017-11-20,2017-11-16,DL,C,Z,19032.0
2017-11-20,2017-11-20,DL,Y,T,4849.0
2017-11-20,2017-11-11,DL,Y,U,3045.0
2017-11-20,2017-06-18,DL,Y,V,4293.0
2017-11-20,2017-07-30,DL,Y,V,3822.0
2017-11-20,2017-08-07,DL,Y,V,3721.0
2017-11-20,2017-08-17,DL,Y,V,3870.0
2017-11-20,2017-08-18,DL,Y,V,3665.5
2017-11-20,2017-09-14,DL,Y,V,3541.0
2017-11-20,2017-09-17,DL,Y,V,3508.0
2017-11-20,2017-09-30,DL,Y,V,4373.0
2017-11-20,2017-10-06,DL,Y,V,3548.0
2017-11-20,2017-10-15,DL,Y,V,3633.0
2017-11-20,2017-10-30,DL,Y,V,3349.0
2017-11-20,2017-11-04,DL,Y,V,3327.5
2017-11-20,2017-11-05,DL,Y,V,3444.0
2017-11-20,2017-11-06,DL,Y,V,3152.0
2017-11-20,2017-11-08,DL,Y,V,3435.5
2017-11-20,2017-11-09,DL,Y,V,3375.0
2017-11-20,2017-11-10,DL,Y,V,3349.0
2017-11-20,2017-11-13,DL,Y,V,3487.5
2017-11-20,2017-11-18,DL,Y,V,3641.0
2017-11-20,2017-11-02,DL,Y,X,2227.0
2017-11-20,2017-11-07,DL,Y,X,2212.0
2017-11-20,2017-11-14,DL,Y,X,2451.0
2017-11-20,2017-11-20,DL,Y,X,2498.0
2017-11-20,2017-09-17,MU,C,I,19515.0
2017-11-20,2017-10-30,MU,C,I,23283.0
2017-11-20,2017-10-11,MU,C,Q,28843.0
2017-11-20,2017-11-10,MU,C,Q,36133.0
2017-11-20,2017-11-17,MU,Y,R,4848.0
2017-11-20,2017-11-18,MU,Y,R,4618.0
2017-11-20,2017-10-30,MU,Y,S,6378.0
2017-11-20,2017-11-01,MU,Y,S,6433.0
2017-11-20,2017-11-02,MU,Y,S,3808.0
2017-11-20,2017-11-06,MU,Y,S,6235.0
2017-11-20,2017-11-08,MU,Y,S,6743.0
2017-11-20,2017-11-14,MU,Y,S,7493.0
2017-11-20,2017-08-02,MU,Y,T,2329.0
2017-11-20,2017-10-13,MU,Y,T,4599.0
2017-11-20,2017-10-11,MU,Y,V,3927.0
2017-11-20,2017-10-18,MU,Y,V,4909.0
2017-11-20,2017-09-16,MU,Y,Z,5945.0
2017-11-20,2017-11-02,UA,C,P,15858.0
2017-11-20,2017-11-08,UA,C,P,13730.0
2017-11-20,2017-11-09,UA,C,P,15869.0
2017-11-20,2017-11-13,UA,C,P,15821.5
2017-11-20,2017-11-18,UA,C,Z,20221.0
2017-11-20,2017-03-05,UA,Y,G,4348.0
2017-11-20,2017-09-02,UA,Y,G,3743.0
2017-11-20,2017-09-21,UA,Y,G,4524.0
2017-11-20,2017-10-12,UA,Y,G,4041.0
2017-11-20,2017-10-23,UA,Y,G,4336.0
2017-11-20,2017-10-26,UA,Y,G,2398.0
2017-11-20,2017-10-27,UA,Y,G,3573.0
2017-11-20,2017-10-30,UA,Y,G,3908.0
2017-11-20,2017-11-01,UA,Y,G,3525.0
2017-11-20,2017-11-04,UA,Y,G,3856.0
2017-11-20,2017-11-06,UA,Y,G,3951.0
2017-11-20,2017-11-08,UA,Y,G,3968.0
2017-11-20,2017-11-09,UA,Y,G,4318.0
2017-11-20,2017-11-13,UA,Y,G,2480.0
2017-11-20,2017-11-14,UA,Y,G,2425.0
2017-11-20,2017-11-15,UA,Y,G,3979.0
2017-11-20,2017-11-16,UA,Y,G,2532.0
2017-11-20,2017-11-17,UA,Y,G,3810.0
2017-11-20,2017-11-18,UA,Y,G,9623.0
2017-11-21,2017-10-10,AA,C,D,9564.0
2017-11-21,2017-11-15,AA,C,D,12845.0
2017-11-21,2017-11-16,AA,C,D,13209.0
2017-11-21,2017-07-04,AA,Y,O,3674.0
2017-11-21,2017-09-06,AA,Y,O,3468.0
2017-11-21,2017-09-10,AA,Y,O,3745.0
2017-11-21,2017-10-01,AA,Y,O,3638.0
2017-11-21,2017-10-02,AA,Y,O,3837.0
2017-11-21,2017-11-08,AA,Y,O,3697.5
2017-11-21,2017-11-10,AA,Y,O,5583.0
2017-11-21,2017-11-12,AA,Y,O,3626.0
2017-11-21,2017-11-14,AA,Y,O,4201.0
2017-11-21,2017-11-16,AA,Y,O,3676.0
2017-11-21,2017-11-09,AA,Y,Q,3966.0
2017-11-21,2017-11-16,AA,Y,Q,3966.0
2017-11-21,2017-11-20,AA,Y,Q,5469.0
2017-11-21,2017-10-16,AA,Y,S,2411.0
2017-11-21,2017-11-17,AA,Y,V,2382.0
2017-11-21,2017-08-31,DL,C,Z,15368.0
2017-11-21,2017-11-13,DL,Y,L,5542.0
2017-11-21,2017-10-30,DL,Y,T,2886.0
2017-11-21,2017-11-09,DL,Y,T,3903.0
2017-11-21,2017-05-23,DL,Y,U,6065.0
2017-11-21,2017-11-18,DL,Y,U,3274.0
2017-11-21,2017-09-03,DL,Y,V,3533.0
2017-11-21,2017-09-08,DL,Y,V,3429.0
2017-11-21,2017-09-13,DL,Y,V,3503.0
2017-11-21,2017-10-25,DL,Y,V,3534.0
2017-11-21,2017-10-26,DL,Y,V,3339.0
2017-11-21,2017-11-12,DL,Y,V,3349.0
2017-11-21,2017-11-14,DL,Y,V,3575.0
2017-11-21,2017-11-19,DL,Y,X,2295.0
2017-11-21,2017-11-20,DL,Y,X,2451.0
2017-11-21,2017-09-01,MU,C,I,14058.0
2017-11-21,2017-09-21,MU,C,I,13013.0
2017-11-21,2017-10-13,MU,C,I,17242.0
2017-11-21,2017-10-20,MU,C,I,7608.5
2017-11-21,2017-10-25,MU,C,I,16393.0
2017-11-21,2017-11-10,MU,C,Q,26503.0
2017-11-21,2017-09-21,MU,Y,S,4485.0
2017-11-21,2017-10-07,MU,Y,S,3717.0
2017-11-21,2017-10-26,MU,Y,S,3298.0
2017-11-21,2017-11-06,MU,Y,S,7220.0
2017-11-21,2017-11-11,MU,Y,S,3738.0
2017-11-21,2017-11-18,MU,Y,S,3628.0
2017-11-21,2017-08-14,MU,Y,T,3063.0
2017-11-21,2017-09-14,MU,Y,T,3915.0
2017-11-21,2017-09-19,MU,Y,T,3728.0
2017-11-21,2017-09-30,MU,Y,T,4717.0
2017-11-21,2017-10-02,MU,Y,T,3503.0
2017-11-21,2017-10-05,MU,Y,T,4163.0
2017-11-21,2017-10-14,MU,Y,T,4589.0
2017-11-21,2017-10-15,MU,Y,T,5863.5
2017-11-21,2017-10-16,MU,Y,T,3175.5
2017-11-21,2017-10-20,MU,Y,T,3850.0
2017-11-21,2017-10-29,MU,Y,T,3853.0
2017-11-21,2017-10-29,MU,Y,V,3955.0
2017-11-21,2017-10-24,UA,C,P,12499.0
2017-11-21,2017-11-18,UA,C,P,13114.0
2017-11-21,2017-11-19,UA,C,Z,20215.0
2017-11-21,2017-10-08,UA,Y,G,3615.0
2017-11-21,2017-10-12,UA,Y,G,4007.0
2017-11-21,2017-10-29,UA,Y,G,3573.0
2017-11-21,2017-11-08,UA,Y,G,2431.0
2017-11-21,2017-11-12,UA,Y,G,3753.0
2017-11-21,2017-11-13,UA,Y,G,3961.0
2017-11-21,2017-11-15,UA,Y,G,4103.0
2017-11-21,2017-11-17,UA,Y,G,3156.5
2017-11-22,2017-11-09,DL,C,I,20731.0
2017-11-22,2017-11-12,DL,C,I,12997.0
2017-11-22,2017-11-20,DL,C,Z,12814.0
2017-11-22,2017-11-16,DL,Y,T,4692.0
2017-11-22,2017-11-19,DL,Y,T,6022.0
2017-11-22,2017-09-12,DL,Y,V,3587.0
2017-11-22,2017-10-07,DL,Y,V,3949.0
2017-11-22,2017-10-14,DL,Y,V,3878.0
2017-11-22,2017-10-25,DL,Y,V,3368.0
2017-11-22,2017-10-27,DL,Y,V,3269.0
2017-11-22,2017-10-29,DL,Y,V,3349.0
2017-11-22,2017-10-30,DL,Y,V,3460.0
2017-11-22,2017-10-31,DL,Y,V,3349.0
2017-11-22,2017-11-01,DL,Y,V,3337.5
2017-11-22,2017-11-04,DL,Y,V,4567.5
2017-11-22,2017-11-05,DL,Y,V,3563.5
2017-11-22,2017-11-07,DL,Y,V,3420.0
2017-11-22,2017-11-09,DL,Y,V,3428.5
2017-11-22,2017-11-10,DL,Y,V,4701.0
2017-11-22,2017-11-13,DL,Y,V,5633.0
2017-11-22,2017-11-14,DL,Y,V,3600.0
2017-11-22,2017-11-15,DL,Y,V,3619.0
2017-11-22,2017-11-21,DL,Y,V,3775.0
2017-11-22,2017-10-25,DL,Y,X,2361.0
2017-11-22,2017-10-31,DL,Y,X,4822.0
2017-11-22,2017-11-01,DL,Y,X,3451.0
2017-11-22,2017-11-03,DL,Y,X,2234.0
2017-11-22,2017-11-05,DL,Y,X,2235.0
2017-11-22,2017-11-10,DL,Y,X,2215.0
2017-11-22,2017-11-11,DL,Y,X,2215.0
2017-11-22,2017-11-12,DL,Y,X,2214.0
2017-11-22,2017-11-14,DL,Y,X,3827.0
2017-11-22,2017-11-19,DL,Y,X,2292.5
2017-11-22,2017-11-22,DL,Y,X,2461.0
2017-11-22,2017-08-16,MU,C,I,21371.0
2017-11-22,2017-09-27,MU,C,I,12228.0
2017-11-22,2017-09-29,MU,C,I,16393.0
2017-11-22,2017-10-09,MU,C,I,16393.0
2017-11-22,2017-10-21,MU,C,I,16392.0
2017-11-22,2017-11-08,MU,C,Q,43535.0
2017-11-22,2017-11-18,MU,C,Q,39663.0
2017-11-22,2017-11-07,MU,Y,R,5673.0
2017-11-22,2017-10-28,MU,Y,S,3811.0
2017-11-22,2017-11-15,MU,Y,S,7413.0
2017-11-22,2017-09-17,MU,Y,T,4078.0
2017-11-22,2017-09-25,MU,Y,T,8201.0
2017-11-22,2017-10-18,MU,Y,T,3849.0
2017-11-22,2017-10-19,MU,Y,T,4160.0
2017-11-22,2017-10-20,MU,Y,V,4162.0
2017-11-22,2017-08-24,UA,C,P,16318.0
2017-11-22,2017-09-02,UA,Y,G,3826.0
2017-11-22,2017-09-03,UA,Y,G,3881.0
2017-11-22,2017-09-29,UA,Y,G,3589.0
2017-11-22,2017-10-04,UA,Y,G,3648.0
2017-11-22,2017-10-11,UA,Y,G,3578.0
2017-11-22,2017-10-15,UA,Y,G,2387.0
2017-11-22,2017-10-26,UA,Y,G,3573.0
2017-11-22,2017-10-29,UA,Y,G,4032.0
2017-11-22,2017-10-31,UA,Y,G,3539.0
2017-11-22,2017-11-01,UA,Y,G,3552.0
2017-11-22,2017-11-03,UA,Y,G,2387.0
2017-11-22,2017-11-06,UA,Y,G,3549.0
2017-11-22,2017-11-13,UA,Y,G,3031.0
2017-11-22,2017-11-14,UA,Y,G,2493.0
2017-11-22,2017-11-17,UA,Y,G,3957.0
2017-11-22,2017-11-18,UA,Y,G,4026.5
2017-11-22,2017-11-20,UA,Y,G,3957.0
2017-11-22,2017-11-21,UA,Y,G,3950.0
2017-11-23,2017-10-26,MU,C,Q,20488.0
2017-11-23,2017-11-03,MU,C,Q,25790.0
2017-11-23,2017-11-07,MU,Y,R,6923.0
2017-11-23,2017-10-21,MU,Y,S,3808.0
2017-11-23,2017-10-26,MU,Y,S,3825.0
2017-11-23,2017-11-02,MU,Y,S,6923.0
2017-11-23,2017-09-06,MU,Y,T,3166.0
2017-11-23,2017-09-10,MU,Y,T,3841.0
2017-11-23,2017-10-15,MU,Y,T,3849.0
2017-11-24,2017-06-02,AA,Y,O,3635.0
2017-11-24,2017-06-04,AA,Y,O,3711.0
2017-11-24,2017-10-08,DL,C,Z,10285.0
2017-11-24,2017-11-24,DL,C,Z,13052.0
2017-11-24,2017-11-21,DL,S,W,830.0
2017-11-24,2017-11-09,DL,Y,T,4528.0
2017-11-24,2017-11-23,DL,Y,T,3157.0
2017-11-24,2017-11-24,DL,Y,T,4792.0
2017-11-24,2017-09-19,DL,Y,V,3637.0
2017-11-24,2017-09-26,DL,Y,V,3735.0
2017-11-24,2017-09-27,DL,Y,V,3371.0
2017-11-24,2017-09-28,DL,Y,V,3453.0
2017-11-24,2017-10-11,DL,Y,V,6667.0
2017-11-24,2017-10-16,DL,Y,V,3529.0
2017-11-24,2017-10-22,DL,Y,V,3874.0
2017-11-24,2017-10-24,DL,Y,V,3747.0
2017-11-24,2017-10-25,DL,Y,V,3585.0
2017-11-24,2017-10-26,DL,Y,V,3309.0
2017-11-24,2017-10-29,DL,Y,V,3902.0
2017-11-24,2017-10-30,DL,Y,V,2848.5
2017-11-24,2017-11-01,DL,Y,V,2013.0
2017-11-24,2017-11-03,DL,Y,V,3514.0
2017-11-24,2017-11-07,DL,Y,V,3434.0
2017-11-24,2017-11-08,DL,Y,V,4525.0
2017-11-24,2017-11-10,DL,Y,V,3349.0
2017-11-24,2017-11-11,DL,Y,V,3349.0
2017-11-24,2017-11-12,DL,Y,V,3390.0
2017-11-24,2017-11-13,DL,Y,V,3426.0
2017-11-24,2017-11-15,DL,Y,V,4007.0
2017-11-24,2017-11-16,DL,Y,V,4748.5
2017-11-24,2017-11-17,DL,Y,V,3563.0
2017-11-24,2017-11-19,DL,Y,V,3563.0
2017-11-24,2017-11-20,DL,Y,V,3694.0
2017-11-24,2017-10-26,DL,Y,X,2360.0
2017-11-24,2017-10-27,DL,Y,X,2399.0
2017-11-24,2017-11-03,DL,Y,X,2238.0
2017-11-24,2017-11-08,DL,Y,X,2312.0
2017-11-24,2017-11-13,DL,Y,X,2664.0
2017-11-24,2017-11-17,DL,Y,X,2354.0
2017-11-24,2017-11-18,DL,Y,X,2354.0
2017-11-24,2017-11-20,DL,Y,X,2354.0
2017-11-24,2017-11-23,DL,Y,X,2451.0
2017-11-24,2017-11-24,DL,Y,X,2468.0
2017-11-24,2017-07-18,MU,C,I,22046.0
2017-11-24,2017-09-26,MU,C,I,22286.0
2017-11-24,2017-10-01,MU,C,I,13683.0
2017-11-24,2017-10-06,MU,C,I,12398.0
2017-11-24,2017-10-09,MU,C,I,18793.0
2017-11-24,2017-10-19,MU,C,I,12072.0
2017-11-24,2017-10-30,MU,C,I,16393.0
2017-11-24,2017-11-23,MU,C,I,11489.0
2017-11-24,2017-10-11,MU,Y,S,5448.0
2017-11-24,2017-10-12,MU,Y,S,3806.0
2017-11-24,2017-11-07,MU,Y,S,7633.0
2017-11-24,2017-11-09,MU,Y,S,3956.0
2017-11-24,2017-11-10,MU,Y,S,3811.0
2017-11-24,2017-11-22,MU,Y,S,4278.0
2017-11-24,2017-11-23,MU,Y,S,4455.0
2017-11-24,2017-08-01,MU,Y,T,2452.0
2017-11-24,2017-08-18,MU,Y,T,3966.0
2017-11-24,2017-09-06,MU,Y,T,4045.0
2017-11-24,2017-09-09,MU,Y,T,3841.0
2017-11-24,2017-10-25,MU,Y,T,3273.0
2017-11-24,2017-10-27,MU,Y,T,4163.0
2017-11-24,2017-10-08,MU,Y,V,4463.0
2017-11-24,2017-10-27,MU,Y,V,5697.0
2017-11-24,2017-10-09,UA,C,P,15969.0
2017-11-24,2017-10-24,UA,C,P,12567.0
2017-11-24,2017-10-27,UA,C,P,14050.5
2017-11-24,2017-10-28,UA,C,P,18488.0
2017-11-24,2017-11-07,UA,C,P,11021.0
2017-11-24,2017-11-22,UA,C,P,22956.0
2017-11-24,2017-07-07,UA,Y,G,2582.0
2017-11-24,2017-09-27,UA,Y,G,2910.5
2017-11-24,2017-10-10,UA,Y,G,3605.0
2017-11-24,2017-10-22,UA,Y,G,3562.0
2017-11-24,2017-11-07,UA,Y,G,4529.0
2017-11-24,2017-11-09,UA,Y,G,3963.0
2017-11-24,2017-11-11,UA,Y,G,2425.0
2017-11-24,2017-11-12,UA,Y,G,4075.5
2017-11-24,2017-11-13,UA,Y,G,3196.5
2017-11-24,2017-11-14,UA,Y,G,3609.0
2017-11-24,2017-11-15,UA,Y,G,3615.0
2017-11-24,2017-11-16,UA,Y,G,2418.0
2017-11-24,2017-11-17,UA,Y,G,4766.0
2017-11-24,2017-11-19,UA,Y,G,2615.0
2017-11-24,2017-11-22,UA,Y,G,2306.0
2017-11-24,2017-11-24,UA,Y,K,4635.0
2017-11-25,2017-11-13,AA,C,D,18080.0
2017-11-25,2017-11-14,AA,C,D,18483.0
2017-11-25,2017-11-22,AA,C,D,8817.0
2017-11-25,2017-11-03,AA,Y,L,7993.0
2017-11-25,2017-11-10,AA,Y,L,4862.0
2017-11-25,2017-10-30,AA,Y,N,5272.0
2017-11-25,2017-11-23,AA,Y,N,4991.0
2017-11-25,2017-11-24,AA,Y,N,4168.0
2017-11-25,2017-03-31,AA,Y,O,3746.0
2017-11-25,2017-10-27,AA,Y,O,6995.0
2017-11-25,2017-11-18,AA,Y,O,7105.0
2017-11-25,2017-07-11,AA,Y,Q,5042.0
2017-11-25,2017-08-16,AA,Y,Q,3629.0
2017-11-25,2017-08-29,AA,Y,Q,3727.0
2017-11-25,2017-09-01,AA,Y,Q,4708.0
2017-11-25,2017-10-02,AA,Y,Q,4867.0
2017-11-25,2017-11-23,AA,Y,Q,4440.0
2017-11-25,2017-11-24,AA,Y,Q,3882.0
2017-11-25,2017-11-25,AA,Y,Q,4281.0
2017-11-25,2017-09-09,AA,Y,S,2454.0
2017-11-25,2017-10-17,AA,Y,S,4287.0
2017-11-25,2017-10-27,AA,Y,S,2413.0
2017-11-25,2017-11-03,AA,Y,S,2466.0
2017-11-25,2017-11-09,AA,Y,S,2413.0
2017-11-25,2017-11-10,AA,Y,V,4547.0
2017-11-25,2017-11-19,AA,Y,V,2351.0
2017-11-25,2017-11-20,AA,Y,V,2413.0
2017-11-25,2017-11-21,AA,Y,V,2413.0
2017-11-25,2017-09-24,DL,C,Z,21847.0
2017-11-25,2017-10-09,DL,Y,K,6488.0
2017-11-25,2017-11-24,DL,Y,L,6288.0
2017-11-25,2017-09-30,DL,Y,T,12102.0
2017-11-25,2017-11-04,DL,Y,T,3993.0
2017-11-25,2017-11-06,DL,Y,T,3158.0
2017-11-25,2017-11-09,DL,Y,T,4335.0
2017-11-25,2017-11-21,DL,Y,T,5114.0
2017-11-25,2017-11-23,DL,Y,T,5037.0
2017-11-25,2017-11-24,DL,Y,T,4792.0
2017-11-25,2017-10-20,DL,Y,U,5206.0
2017-11-25,2017-08-23,DL,Y,V,3712.0
2017-11-25,2017-09-05,DL,Y,V,3913.0
2017-11-25,2017-09-15,DL,Y,V,3639.0
2017-11-25,2017-09-23,DL,Y,V,3863.0
2017-11-25,2017-10-31,DL,Y,V,3809.0
2017-11-25,2017-11-01,DL,Y,V,1550.0
2017-11-25,2017-11-14,DL,Y,V,4186.0
2017-11-25,2017-06-12,DL,Y,X,4362.0
2017-11-25,2017-08-30,DL,Y,X,5498.0
2017-11-25,2017-10-10,DL,Y,X,4112.0
2017-11-25,2017-10-21,DL,Y,X,5019.0
2017-11-25,2017-10-28,DL,Y,X,4529.0
2017-11-25,2017-11-04,DL,Y,X,3221.5
2017-11-25,2017-11-06,DL,Y,X,2235.0
2017-11-25,2017-11-13,DL,Y,X,4053.0
2017-11-25,2017-11-15,DL,Y,X,2451.0
2017-11-25,2017-11-17,DL,Y,X,6097.0
2017-11-25,2017-11-18,DL,Y,X,2352.0
2017-11-25,2017-11-19,DL,Y,X,2354.0
2017-11-25,2017-11-22,DL,Y,X,2385.0
2017-11-25,2017-09-11,MU,C,I,18373.0
2017-11-25,2017-10-18,MU,C,I,10869.0
2017-11-25,2017-11-10,MU,C,I,19493.0
2017-11-25,2017-11-11,MU,C,I,21423.0
2017-11-25,2017-11-15,MU,C,I,16718.0
2017-11-25,2017-11-22,MU,C,I,800.0
2017-11-25,2017-11-07,MU,Y,R,7561.0
2017-11-25,2017-11-14,MU,Y,R,4655.0
2017-11-25,2017-11-15,MU,Y,R,4878.0
2017-11-25,2017-11-17,MU,Y,R,4785.0
2017-11-25,2017-11-19,MU,Y,R,10763.0
2017-11-25,2017-11-23,MU,Y,R,7613.0
2017-11-25,2017-11-24,MU,Y,R,4878.0
2017-11-25,2017-10-02,MU,Y,S,3288.0
2017-11-25,2017-10-26,MU,Y,S,4951.5
2017-11-25,2017-11-02,MU,Y,S,3448.0
2017-11-25,2017-11-03,MU,Y,S,9648.0
2017-11-25,2017-11-04,MU,Y,S,3807.0
2017-11-25,2017-09-21,MU,Y,T,4256.0
2017-11-25,2017-09-22,MU,Y,T,3957.0
2017-11-25,2017-08-25,MU,Y,V,4734.0
2017-11-25,2017-09-02,MU,Y,V,4814.0
2017-11-25,2017-09-25,MU,Y,V,4115.0
2017-11-25,2017-10-27,UA,C,P,9633.0
2017-11-25,2017-11-11,UA,C,P,10626.0
2017-11-25,2017-10-09,UA,Y,G,3566.0
2017-11-25,2017-10-10,UA,Y,G,3932.0
2017-11-25,2017-10-13,UA,Y,G,3115.0
2017-11-25,2017-10-16,UA,Y,G,3519.0
2017-11-25,2017-11-18,UA,Y,G,3606.0
2017-11-25,2017-11-19,UA,Y,G,4077.5
2017-11-25,2017-11-20,UA,Y,G,3958.0
2017-11-25,2017-11-21,UA,Y,G,3991.5
2017-11-25,2017-11-25,UA,Y,G,2549.0
2017-11-25,2017-11-22,UA,Y,K,5033.0
2017-11-25,2017-10-13,UA,Y,L,5227.0
2017-11-25,2017-10-19,UA,Y,Q,6642.0
2017-11-25,2017-11-02,UA,Y,S,5928.0
2017-11-26,2017-11-21,AA,C,D,28839.0
2017-11-26,2017-11-22,AA,C,D,29238.0
2017-11-26,2017-09-22,AA,C,I,16383.0
2017-11-26,2017-11-19,AA,Y,K,3675.5
2017-11-26,2017-11-20,AA,Y,L,3528.0
2017-11-26,2017-11-23,AA,Y,L,9500.0
2017-11-26,2017-11-25,AA,Y,L,4187.0
2017-11-26,2017-11-21,AA,Y,M,5240.0
2017-11-26,2017-08-30,AA,Y,N,4196.0
2017-11-26,2017-10-16,AA,Y,N,4471.0
2017-11-26,2017-10-24,AA,Y,N,5272.0
2017-11-26,2017-11-24,AA,Y,N,5381.0
2017-11-26,2017-11-25,AA,Y,N,2483.0
2017-11-26,2017-10-20,AA,Y,O,4089.0
2017-11-26,2017-11-07,AA,Y,O,3654.0
2017-11-26,2017-11-08,AA,Y,O,4006.0
2017-11-26,2017-10-02,AA,Y,Q,3499.0
2017-11-26,2017-10-10,AA,Y,Q,3814.0
2017-11-26,2017-10-15,AA,Y,Q,4051.0
2017-11-26,2017-11-01,AA,Y,S,2413.0
2017-11-26,2017-11-26,AA,Y,S,4544.0
2017-11-26,2017-11-03,AA,Y,V,4133.0
2017-11-26,2017-11-07,AA,Y,V,5190.0
2017-11-26,2017-11-12,AA,Y,V,4201.0
2017-11-26,2017-11-15,AA,Y,V,1727.0
2017-11-26,2017-11-18,AA,Y,V,3555.5
2017-11-26,2017-11-18,DL,C,Z,11332.0
2017-11-26,2017-11-22,DL,C,Z,17892.0
2017-11-26,2017-11-23,DL,C,Z,22961.0
2017-11-26,2017-11-21,DL,Y,H,7168.0
2017-11-26,2017-10-16,DL,Y,L,4226.0
2017-11-26,2017-11-21,DL,Y,L,6024.0
2017-11-26,2017-11-21,DL,Y,Q,7066.0
2017-11-26,2017-09-06,DL,Y,U,4666.0
2017-11-26,2017-10-16,DL,Y,U,5872.0
2017-11-26,2017-11-03,DL,Y,U,4997.5
2017-11-26,2017-06-04,DL,Y,V,4655.0
2017-11-26,2017-08-02,DL,Y,V,3877.0
2017-11-26,2017-08-09,DL,Y,V,4156.0
2017-11-26,2017-09-02,DL,Y,V,3525.0
2017-11-26,2017-09-12,DL,Y,V,3546.0
2017-11-26,2017-10-10,DL,Y,V,3989.0
2017-11-26,2017-11-16,DL,Y,V,3578.0
2017-11-26,2017-10-25,DL,Y,X,4295.0
2017-11-26,2017-11-01,DL,Y,X,3526.0
2017-11-26,2017-11-05,DL,Y,X,4928.0
2017-11-26,2017-11-09,DL,Y,X,2307.0
2017-11-26,2017-11-11,DL,Y,X,2127.0
2017-11-26,2017-11-12,DL,Y,X,2281.0
2017-11-26,2017-11-15,DL,Y,X,2689.0
2017-11-26,2017-08-15,MU,C,I,22537.0
2017-11-26,2017-08-24,MU,C,I,15655.0
2017-11-26,2017-09-12,MU,C,I,18419.0
2017-11-26,2017-10-02,MU,C,I,14543.0
2017-11-26,2017-10-04,MU,C,I,20443.0
2017-11-26,2017-10-06,MU,C,I,33666.0
2017-11-26,2017-10-07,MU,C,I,18510.0
2017-11-26,2017-10-11,MU,C,I,18721.0
2017-11-26,2017-10-12,MU,C,I,19800.5
2017-11-26,2017-10-24,MU,C,I,18711.0
2017-11-26,2017-10-25,MU,C,I,18757.0
2017-11-26,2017-10-31,MU,C,I,17594.0
2017-11-26,2017-11-07,MU,C,I,21423.0
2017-11-26,2017-10-14,MU,Y,L,6538.0
2017-11-26,2017-08-25,MU,Y,S,5035.0
2017-11-26,2017-09-12,MU,Y,S,4239.0
2017-11-26,2017-09-18,MU,Y,S,4788.0
2017-11-26,2017-09-22,MU,Y,S,5148.0
2017-11-26,2017-10-23,MU,Y,S,6344.0
2017-11-26,2017-10-25,MU,Y,S,5216.0
2017-11-26,2017-10-27,MU,Y,S,3973.0
2017-11-26,2017-10-29,MU,Y,S,4147.0
2017-11-26,2017-08-16,MU,Y,T,7106.0
2017-11-26,2017-08-17,MU,Y,T,3509.0
2017-11-26,2017-08-19,MU,Y,T,3429.0
2017-11-26,2017-08-19,MU,Y,V,4950.0
2017-11-26,2017-08-31,MU,Y,V,3686.5
2017-11-26,2017-09-30,UA,C,P,5748.5
2017-11-26,2017-11-14,UA,C,P,23676.0
2017-11-26,2017-05-31,UA,Y,G,4218.0
2017-11-26,2017-08-26,UA,Y,G,3978.0
2017-11-26,2017-08-31,UA,Y,G,3657.0
2017-11-26,2017-09-04,UA,Y,G,3930.0
2017-11-26,2017-10-22,UA,Y,G,3738.0
2017-11-26,2017-10-27,UA,Y,G,3658.5
2017-11-26,2017-11-04,UA,Y,G,4012.0
2017-11-26,2017-11-05,UA,Y,G,3003.5
2017-11-26,2017-11-24,UA,Y,G,3137.5
2017-11-26,2017-11-26,UA,Y,H,1600.0
2017-11-26,2017-04-23,UA,Y,K,7073.0
2017-11-26,2017-10-27,UA,Y,K,5603.0
2017-11-26,2017-10-30,UA,Y,K,4130.0
2017-11-26,2017-11-07,UA,Y,K,4234.0
2017-11-26,2017-11-08,UA,Y,K,4416.0
2017-11-26,2017-11-03,UA,Y,L,3402.0
2017-11-26,2017-11-04,UA,Y,L,3380.0
2017-11-26,2017-11-10,UA,Y,L,5268.0
2017-11-26,2017-11-14,UA,Y,L,5879.0
2017-11-26,2017-11-25,UA,Y,L,3619.0
2017-11-26,2017-10-28,UA,Y,T,6579.0
2017-11-26,2017-11-10,UA,Y,T,5017.0
2017-11-26,2017-11-24,UA,Y,T,3834.0
2017-11-26,2017-11-26,UA,Y,V,5687.0
2017-11-27,2017-11-01,AA,C,D,14270.0
2017-11-27,2017-11-16,AA,C,I,19040.0
2017-11-27,2017-11-26,AA,Y,L,3429.0
2017-11-27,2017-11-24,AA,Y,N,2396.5
2017-11-27,2017-11-25,AA,Y,N,2454.0
2017-11-27,2017-11-26,AA,Y,N,3429.0
2017-11-27,2017-08-03,AA,Y,O,3502.0
2017-11-27,2017-09-02,AA,Y,O,3623.0
2017-11-27,2017-09-27,AA,Y,O,4215.0
2017-11-27,2017-10-17,AA,Y,O,3374.5
2017-11-27,2017-10-18,AA,Y,O,3963.0
2017-11-27,2017-10-23,AA,Y,O,4986.0
2017-11-27,2017-10-25,AA,Y,O,3576.0
2017-11-27,2017-11-16,AA,Y,O,3626.0
2017-11-27,2017-10-01,AA,Y,Q,4250.0
2017-11-27,2017-10-30,AA,Y,Q,4864.0
2017-11-27,2017-11-11,AA,Y,Q,4839.0
2017-11-27,2017-11-18,AA,Y,Q,5942.0
2017-11-27,2017-10-25,AA,Y,S,1372.0
2017-11-27,2017-11-06,AA,Y,S,7001.0
2017-11-27,2017-11-09,AA,Y,S,4160.0
2017-11-27,2017-11-18,AA,Y,V,4529.0
2017-11-27,2017-11-19,AA,Y,V,2488.0
2017-11-27,2017-11-20,AA,Y,V,2640.0
2017-11-27,2017-11-22,AA,Y,V,2413.0
2017-11-27,2017-11-05,DL,C,Z,14649.0
2017-11-27,2017-11-10,DL,C,Z,24127.0
2017-11-27,2017-11-13,DL,S,W,5224.0
2017-11-27,2017-11-26,DL,Y,H,7542.0
2017-11-27,2017-11-01,DL,Y,T,2392.0
2017-11-27,2017-11-09,DL,Y,T,3107.0
2017-11-27,2017-11-22,DL,Y,T,8615.0
2017-11-27,2017-11-24,DL,Y,T,4724.0
2017-11-27,2017-11-27,DL,Y,T,4789.0
2017-11-27,2017-08-30,DL,Y,U,5395.0
2017-11-27,2017-11-23,DL,Y,U,3394.0
2017-11-27,2017-09-06,DL,Y,V,3141.0
2017-11-27,2017-09-15,DL,Y,V,3556.0
2017-11-27,2017-09-17,DL,Y,V,3788.0
2017-11-27,2017-09-24,DL,Y,V,3732.0
2017-11-27,2017-10-07,DL,Y,V,3370.0
2017-11-27,2017-10-18,DL,Y,V,3538.0
2017-11-27,2017-10-27,DL,Y,V,4173.0
2017-11-27,2017-10-29,DL,Y,V,3349.0
2017-11-27,2017-10-31,DL,Y,V,3448.5
2017-11-27,2017-11-02,DL,Y,V,3362.0
2017-11-27,2017-11-03,DL,Y,V,3430.0
2017-11-27,2017-11-06,DL,Y,V,3357.0
2017-11-27,2017-11-07,DL,Y,V,3322.0
2017-11-27,2017-11-08,DL,Y,V,3977.0
2017-11-27,2017-11-10,DL,Y,V,3427.0
2017-11-27,2017-11-11,DL,Y,V,3333.5
2017-11-27,2017-11-12,DL,Y,V,3318.0
2017-11-27,2017-11-16,DL,Y,V,4103.0
2017-11-27,2017-11-18,DL,Y,V,3445.0
2017-11-27,2017-11-19,DL,Y,V,5719.0
2017-11-27,2017-11-20,DL,Y,V,3375.0
2017-11-27,2017-11-21,DL,Y,V,3792.0
2017-11-27,2017-10-18,DL,Y,X,2354.0
2017-11-27,2017-11-10,DL,Y,X,4842.0
2017-11-27,2017-11-17,DL,Y,X,3730.0
2017-11-27,2017-11-20,DL,Y,X,3066.0
2017-11-27,2017-11-27,DL,Y,X,2466.0
2017-11-27,2017-08-10,MU,C,I,17035.0
2017-11-27,2017-08-17,MU,C,I,14718.0
2017-11-27,2017-11-05,MU,C,Q,27975.0
2017-11-27,2017-11-06,MU,C,Q,41421.0
2017-11-27,2017-11-17,MU,Y,L,8923.0
2017-11-27,2017-11-13,MU,Y,N,8163.0
2017-11-27,2017-11-18,MU,Y,N,7973.0
2017-11-27,2017-10-30,MU,Y,R,7509.0
2017-11-27,2017-10-20,MU,Y,S,3942.0
2017-11-27,2017-10-25,MU,Y,S,3975.0
2017-11-27,2017-08-01,MU,Y,T,2648.0
2017-11-27,2017-08-15,MU,Y,Z,5843.0
2017-11-27,2017-08-30,MU,Y,Z,3079.0
2017-11-27,2017-09-01,MU,Y,Z,4260.0
2017-11-27,2017-09-05,MU,Y,Z,4050.0
2017-11-27,2017-11-15,MU,Y,Z,7783.0
2017-11-27,2017-09-01,UA,C,P,16709.0
2017-11-27,2017-11-13,UA,C,P,15929.0
2017-11-27,2017-11-15,UA,C,P,11565.0
2017-11-27,2017-11-23,UA,C,P,13801.0
2017-11-27,2017-10-15,UA,Y,G,3572.0
2017-11-27,2017-11-02,UA,Y,G,3930.0
2017-11-27,2017-11-05,UA,Y,G,3575.0
2017-11-27,2017-11-07,UA,Y,G,3990.0
2017-11-27,2017-11-16,UA,Y,G,2472.0
2017-11-27,2017-11-20,UA,Y,G,4013.0
2017-11-27,2017-11-22,UA,Y,G,3478.0
2017-11-27,2017-11-23,UA,Y,G,4308.0
2017-11-27,2017-11-26,UA,Y,G,2552.0
2017-11-27,2017-11-08,UA,Y,L,5952.0
2017-11-27,2017-11-24,UA,Y,L,5068.0
2017-11-27,2017-11-21,UA,Y,Q,6103.0
2017-11-28,2017-11-07,AA,C,I,15106.0
2017-11-28,2017-11-27,AA,C,I,7465.0
2017-11-28,2017-11-24,AA,Y,N,2430.0
2017-11-28,2017-10-09,AA,Y,O,4988.0
2017-11-28,2017-11-14,AA,Y,O,4604.0
2017-11-28,2017-11-24,AA,Y,O,3611.0
2017-11-28,2017-11-25,AA,Y,O,3608.0
2017-11-28,2017-11-26,AA,Y,O,3616.0
2017-11-28,2017-11-27,AA,Y,O,3879.0
2017-11-28,2017-11-21,AA,Y,Q,4049.0
2017-11-28,2017-10-14,AA,Y,S,2319.0
2017-11-28,2017-11-09,AA,Y,S,2413.0
2017-11-28,2017-11-22,AA,Y,V,2413.0
2017-11-28,2017-11-05,DL,C,Z,18316.0
2017-11-28,2017-11-14,DL,C,Z,13834.0
2017-11-28,2017-11-26,DL,C,Z,13477.0
2017-11-28,2017-11-28,DL,C,Z,16414.5
2017-11-28,2017-11-27,DL,Y,L,8685.0
2017-11-28,2017-11-26,DL,Y,T,3222.0
2017-11-28,2017-11-28,DL,Y,T,4788.0
2017-11-28,2017-03-07,DL,Y,V,7801.0
2017-11-28,2017-09-05,DL,Y,V,3246.0
2017-11-28,2017-09-13,DL,Y,V,3548.0
2017-11-28,2017-10-13,DL,Y,V,3567.0
2017-11-28,2017-10-18,DL,Y,V,4075.0
2017-11-28,2017-10-28,DL,Y,V,3329.0
2017-11-28,2017-10-30,DL,Y,V,1814.0
2017-11-28,2017-11-01,DL,Y,V,3471.0
2017-11-28,2017-11-05,DL,Y,V,3289.0
2017-11-28,2017-11-11,DL,Y,V,3349.0
2017-11-28,2017-11-18,DL,Y,V,3563.0
2017-11-28,2017-11-20,DL,Y,V,3563.0
2017-11-28,2017-10-30,DL,Y,X,1351.5
2017-11-28,2017-11-12,DL,Y,X,2165.0
2017-11-28,2017-11-18,DL,Y,X,2423.0
2017-11-28,2017-11-24,DL,Y,X,2461.0
2017-11-28,2017-11-25,DL,Y,X,2459.0
2017-11-28,2017-10-09,MU,C,I,16393.0
2017-11-28,2017-10-11,MU,C,I,16393.0
2017-11-28,2017-11-01,MU,C,I,12460.0
2017-11-28,2017-11-06,MU,C,I,14998.0
2017-11-28,2017-11-16,MU,C,I,14698.0
2017-11-28,2017-11-27,MU,Y,N,4986.0
2017-11-28,2017-11-22,MU,Y,R,7973.0
2017-11-28,2017-11-25,MU,Y,R,5146.0
2017-11-28,2017-09-29,MU,Y,S,2666.0
2017-11-28,2017-11-06,MU,Y,S,3188.0
2017-11-28,2017-11-08,MU,Y,S,3832.0
2017-11-28,2017-11-13,MU,Y,S,6646.0
2017-11-28,2017-11-16,MU,Y,S,7833.0
2017-11-28,2017-11-19,MU,Y,S,7323.0
2017-11-28,2017-07-05,MU,Y,T,4274.0
2017-11-28,2017-09-08,MU,Y,T,3225.0
2017-11-28,2017-10-17,MU,Y,T,3060.0
2017-11-28,2017-10-18,MU,Y,T,3849.0
2017-11-28,2017-10-19,MU,Y,T,2724.0
2017-11-28,2017-10-28,MU,Y,V,4133.0
2017-11-28,2017-10-29,MU,Y,V,3043.0
2017-11-28,2017-10-12,UA,C,P,15439.0
2017-11-28,2017-11-07,UA,C,P,16841.0
2017-11-28,2017-11-09,UA,C,P,15567.0
2017-11-28,2017-11-20,UA,C,P,11563.0
2017-11-28,2017-11-23,UA,C,P,23327.0
2017-11-28,2017-05-25,UA,Y,G,5463.0
2017-11-28,2017-05-31,UA,Y,G,6331.0
2017-11-28,2017-10-12,UA,Y,G,2440.0
2017-11-28,2017-10-29,UA,Y,G,2348.0
2017-11-28,2017-11-03,UA,Y,G,3573.0
2017-11-28,2017-11-22,UA,Y,G,3957.0
2017-11-28,2017-11-24,UA,Y,G,4031.0
2017-11-28,2017-11-28,UA,Y,G,2488.0
2017-11-29,2017-11-27,AA,C,D,5919.0
2017-11-29,2017-11-29,AA,C,D,13055.0
2017-11-29,2017-08-31,AA,C,I,14120.0
2017-11-29,2017-11-12,AA,C,I,18192.0
2017-11-29,2017-11-27,AA,C,I,13288.0
2017-11-29,2017-11-29,AA,C,I,4410.0
2017-11-29,2017-11-25,AA,Y,N,2428.0
2017-11-29,2017-11-27,AA,Y,N,2521.0
2017-11-29,2017-09-18,AA,Y,O,4759.0
2017-11-29,2017-10-08,AA,Y,O,3424.0
2017-11-29,2017-10-15,AA,Y,O,4143.0
2017-11-29,2017-10-31,AA,Y,O,4299.0
2017-11-29,2017-11-06,AA,Y,O,3559.0
2017-11-29,2017-11-18,AA,Y,O,4499.0
2017-11-29,2017-11-19,AA,Y,O,5535.0
2017-11-29,2017-11-25,AA,Y,O,3738.0
2017-11-29,2017-11-27,AA,Y,O,3620.0
2017-11-29,2017-11-29,AA,Y,O,3609.0
2017-11-29,2017-11-21,AA,Y,Q,3966.0
2017-11-29,2017-11-10,DL,C,Z,17425.0
2017-11-29,2017-11-15,DL,C,Z,16781.0
2017-11-29,2017-11-28,DL,C,Z,13049.0
2017-11-29,2017-11-22,DL,Y,T,4696.0
2017-11-29,2017-11-23,DL,Y,U,3843.0
2017-11-29,2017-03-11,DL,Y,V,3681.0
2017-11-29,2017-09-02,DL,Y,V,3650.0
2017-11-29,2017-09-18,DL,Y,V,3508.0
2017-11-29,2017-11-05,DL,Y,V,3957.0
2017-11-29,2017-11-19,DL,Y,V,3563.0
2017-11-29,2017-11-09,DL,Y,X,2178.0
2017-11-29,2017-11-13,DL,Y,X,2279.0
2017-11-29,2017-11-14,DL,Y,X,2379.0
2017-11-29,2017-11-19,DL,Y,X,2354.0
2017-11-29,2017-11-27,DL,Y,X,2457.0
2017-11-29,2017-11-29,DL,Y,X,2467.0
2017-11-29,2017-10-30,MU,C,I,8246.5
2017-11-29,2017-11-06,MU,C,I,12492.5
2017-11-29,2017-11-26,MU,C,I,29609.0
2017-11-29,2017-11-29,MU,C,I,26360.0
2017-11-29,2017-11-07,MU,Y,R,6121.0
2017-11-29,2017-10-20,MU,Y,S,5145.0
2017-11-29,2017-11-08,MU,Y,S,16191.0
2017-11-29,2017-11-20,MU,Y,S,5171.0
2017-11-29,2017-08-06,MU,Y,T,2629.0
2017-11-29,2017-08-29,MU,Y,T,3082.0
2017-11-29,2017-09-02,MU,Y,T,4160.0
2017-11-29,2017-10-05,MU,Y,T,5295.0
2017-11-29,2017-10-20,UA,C,P,15678.0
2017-11-29,2017-10-22,UA,C,P,15678.0
2017-11-29,2017-10-24,UA,C,P,12846.0
2017-11-29,2017-11-02,UA,C,P,10611.0
2017-11-29,2017-11-20,UA,C,P,11971.0
2017-11-29,2017-05-10,UA,Y,G,3868.0
2017-11-29,2017-11-14,UA,Y,G,3990.0
2017-11-29,2017-11-18,UA,Y,G,3660.0
2017-11-29,2017-11-20,UA,Y,G,3535.5
2017-11-29,2017-11-22,UA,Y,G,3315.0
2017-11-29,2017-11-23,UA,Y,G,4173.5
2017-11-29,2017-11-24,UA,Y,G,2511.0
2017-11-29,2017-11-26,UA,Y,G,2466.0
2017-11-29,2017-10-21,UA,Y,W,8738.0
2017-11-30,2017-11-29,AA,C,D,35000.0
2017-11-30,2017-09-04,AA,C,I,14962.0
2017-11-30,2017-10-26,AA,C,I,12331.0
2017-11-30,2017-11-07,AA,C,I,16764.0
2017-11-30,2017-11-17,AA,C,I,19895.0
2017-11-30,2017-11-20,AA,C,I,17496.0
2017-11-30,2017-11-27,AA,C,I,8991.0
2017-11-30,2017-11-30,AA,Y,K,5902.0
2017-11-30,2017-11-26,AA,Y,N,2428.0
2017-11-30,2017-05-21,AA,Y,O,3706.0
2017-11-30,2017-06-30,AA,Y,O,4064.0
2017-11-30,2017-07-29,AA,Y,O,5411.0
2017-11-30,2017-10-27,AA,Y,O,3387.0
2017-11-30,2017-10-30,AA,Y,O,4987.0
2017-11-30,2017-11-02,AA,Y,O,4417.0
2017-11-30,2017-11-20,AA,Y,O,5750.0
2017-11-30,2017-11-26,AA,Y,O,3608.0
2017-11-30,2017-11-28,AA,Y,O,3546.0
2017-11-30,2017-11-23,AA,Y,Q,3966.0
2017-11-30,2017-11-24,AA,Y,Q,3498.0
2017-11-30,2017-11-30,DL,C,I,1810.0
2017-11-30,2017-11-11,DL,C,Z,9312.0
2017-11-30,2017-11-21,DL,Y,T,4300.5
2017-11-30,2017-11-25,DL,Y,U,3977.0
2017-11-30,2017-03-16,DL,Y,V,4550.0
2017-11-30,2017-08-18,DL,Y,V,3680.0
2017-11-30,2017-08-24,DL,Y,V,5816.0
2017-11-30,2017-09-15,DL,Y,V,3534.0
2017-11-30,2017-09-22,DL,Y,V,3706.0
2017-11-30,2017-11-04,DL,Y,V,3993.0
2017-11-30,2017-11-05,DL,Y,V,3444.0
2017-11-30,2017-11-17,DL,Y,V,3398.0
2017-11-30,2017-11-21,DL,Y,V,3563.0
2017-11-30,2017-11-23,DL,Y,V,3389.0
2017-11-30,2017-11-26,DL,Y,V,3799.0
2017-11-30,2017-08-03,DL,Y,X,3880.0
2017-11-30,2017-11-04,DL,Y,X,2234.5
2017-11-30,2017-11-05,DL,Y,X,2234.0
2017-11-30,2017-11-07,DL,Y,X,2164.0
2017-11-30,2017-11-25,DL,Y,X,4746.0
2017-11-30,2017-11-27,DL,Y,X,2457.0
2017-11-30,2017-11-29,DL,Y,X,2456.0
2017-11-30,2017-04-21,MU,C,I,16949.0
2017-11-30,2017-09-25,MU,C,I,18622.0
2017-11-30,2017-11-28,MU,Y,R,4615.0
2017-11-30,2017-11-29,MU,Y,R,4617.0
2017-11-30,2017-10-26,MU,Y,S,4857.0
2017-11-30,2017-11-14,MU,Y,S,3808.0
2017-11-30,2017-11-16,MU,Y,S,4834.0
2017-11-30,2017-08-01,MU,Y,T,2204.0
2017-11-30,2017-08-02,MU,Y,T,2400.0
2017-11-30,2017-11-29,MU,Y,Z,8718.0
2017-11-30,2017-10-09,UA,C,P,15502.0
2017-11-30,2017-11-04,UA,C,P,10607.0
2017-11-30,2017-11-19,UA,C,P,12010.0
2017-11-30,2017-11-20,UA,C,P,12010.0
2017-11-30,2017-10-15,UA,Y,G,3542.0
2017-11-30,2017-10-19,UA,Y,G,3688.0
2017-11-30,2017-10-26,UA,Y,G,2348.0
2017-11-30,2017-11-13,UA,Y,G,2425.0
2017-11-30,2017-11-17,UA,Y,G,4698.0
2017-11-30,2017-11-19,UA,Y,G,3606.0
2017-11-30,2017-11-23,UA,Y,G,4032.0
