date,arrive,sh_order,sh_PV,sh_UV,sh_single_avg_px,sh_round_avg_px,sh_single_px_mid,sh_round_px_mid,bj_order,bj_PV,bj_UV,bj_single_avg_px,bj_round_avg_px,bj_single_px_mid,bj_round_px_mid
2016/1/1,醫冱穚,192,5662,2460,5581 ,11320 ,5291 ,10671 ,151,4387,2071,11026 ,15631 ,6408 ,10671 
2016/1/2,醫冱穚,213,6009,2770,8371 ,9625 ,9286 ,7759 ,136,4420,2194,13552 ,12471 ,10887 ,7759 
2016/1/5,醫冱穚,227,9655,3514,9319 ,13735 ,8164 ,10929 ,139,6403,2606,7218 ,18732 ,8272 ,10929 
2016/1/6,醫冱穚,195,9579,3425,5464 ,11931 ,4854 ,11062 ,156,7521,2755,9941 ,12015 ,8286 ,11062 
2016/1/7,醫冱穚,366,9020,3445,9670 ,11890 ,6131 ,10840 ,284,6184,2519,11018 ,14526 ,8320 ,10840 
2016/1/8,醫冱穚,256,8133,3093,10529 ,11396 ,6033 ,8592 ,159,6126,2465,7240 ,14663 ,6828 ,8592 
2016/1/9,醫冱穚,195,5955,2431,7492 ,7512 ,5492 ,6872 ,170,4703,1990,8332 ,10009 ,7684 ,6872 
2016/1/10,醫冱穚,183,5883,2516,9677 ,15520 ,8221 ,9674 ,152,5489,2053,4164 ,10963 ,2418 ,9674 
2016/1/11,醫冱穚,216,8045,3121,4366 ,11442 ,4338 ,8431 ,172,6206,2515,11072 ,15709 ,8263 ,8431 
2016/1/12,醫冱穚,234,8553,3216,9959 ,12405 ,10666 ,8990 ,147,5880,2439,6431 ,16284 ,5484 ,8990 
2016/1/13,醫冱穚,224,7882,3109,7678 ,10099 ,5784 ,7806 ,162,5997,2466,12573 ,12579 ,10872 ,7806 
2016/1/14,醫冱穚,215,7462,2926,6767 ,10877 ,7634 ,8973 ,162,5806,2274,7177 ,12282 ,6619 ,8973 
2016/1/15,醫冱穚,186,7320,2742,5865 ,10287 ,5202 ,8358 ,156,5326,2144,11998 ,9319 ,11103 ,8358 
2016/1/16,醫冱穚,168,6000,2261,5217 ,10298 ,2938 ,6827 ,146,4148,1825,9053 ,15028 ,5725 ,6827 
2016/1/17,醫冱穚,157,5731,2318,9139 ,10068 ,4957 ,7476 ,144,4159,1786,24324 ,14265 ,16277 ,7476 
2016/1/18,醫冱穚,195,7896,3076,6867 ,8528 ,6288 ,6363 ,139,5315,2255,7413 ,8230 ,7890 ,6363 
2016/1/19,醫冱穚,206,7598,3000,9367 ,11618 ,7582 ,7696 ,163,5421,2146,10446 ,10300 ,7616 ,7696 
2016/1/20,醫冱穚,193,7341,3014,6558 ,9608 ,5443 ,6420 ,168,4944,2120,5512 ,11860 ,5633 ,6420 
2016/1/21,醫冱穚,208,7064,2975,9689 ,13439 ,9434 ,10062 ,131,5064,2130,8897 ,7941 ,8897 ,10062 
2016/1/22,醫冱穚,204,7336,3171,6874 ,11163 ,5104 ,6825 ,141,5316,2278,8163 ,12795 ,5846 ,6825 
2016/1/23,醫冱穚,164,5243,2473,6010 ,8542 ,5972 ,6377 ,164,4965,2071,8872 ,12033 ,6568 ,6377 
2016/1/24,醫冱穚,154,5157,2358,4964 ,9381 ,4927 ,8061 ,145,4945,2025,5074 ,11598 ,4672 ,8061 
2016/1/25,醫冱穚,197,7017,3139,6867 ,12014 ,6637 ,8341 ,139,5175,2337,11012 ,8712 ,11012 ,8341 
2016/1/26,醫冱穚,204,6754,3040,5701 ,7037 ,5235 ,6310 ,140,5071,2201,5819 ,9760 ,2383 ,6310 
2016/1/27,醫冱穚,179,6886,3020,5687 ,10176 ,4458 ,8556 ,147,4622,2128,5680 ,8118 ,2407 ,8556 
2016/1/28,醫冱穚,197,7190,3224,9005 ,9087 ,6037 ,6833 ,152,4740,2157,8857 ,15618 ,5903 ,6833 
2016/1/29,醫冱穚,189,6607,3110,9479 ,8226 ,4365 ,6442 ,130,4134,2058,7656 ,9263 ,5676 ,6442 
2016/1/30,醫冱穚,195,5489,2539,6595 ,8348 ,5971 ,6710 ,141,3797,1833,17744 ,14202 ,12585 ,6710 
2016/1/31,醫冱穚,176,5393,2635,6905 ,7938 ,7905 ,6299 ,150,3759,1918,8197 ,10743 ,8425 ,6299 
2016/2/1,醫冱穚,188,6237,2882,5578 ,7329 ,4635 ,6173 ,137,4565,2056,9519 ,9113 ,8932 ,6173 
2016/2/2,醫冱穚,213,6387,2962,4266 ,10032 ,4684 ,8604 ,152,4476,1974,7672 ,9065 ,5743 ,8604 
2016/2/3,醫冱穚,207,6950,3155,6772 ,8475 ,5067 ,6245 ,167,4347,1942,7611 ,8624 ,5784 ,6245 
2016/2/4,醫冱穚,215,6748,3103,7780 ,7781 ,6414 ,5882 ,149,4050,1913,8825 ,9937 ,9810 ,5882 
2016/2/5,醫冱穚,194,5690,2770,5261 ,9190 ,4771 ,6117 ,137,3799,1836,9605 ,9228 ,6140 ,6117 
2016/2/6,醫冱穚,179,4679,2288,8478 ,6696 ,4478 ,5959 ,138,3109,1599,6325 ,11437 ,5960 ,5959 
2016/2/7,醫冱穚,148,2928,1565,3984 ,7638 ,2966 ,6231 ,130,1981,1075,4902 ,8078 ,2214 ,6231 
2016/2/8,醫冱穚,168,3579,1868,7601 ,6738 ,4728 ,6305 ,122,2345,1356,6444 ,9212 ,5844 ,6305 
2016/2/9,醫冱穚,147,4113,2034,4605 ,7790 ,2550 ,6651 ,123,2700,1484,2270 ,9848 ,2270 ,6651 
2016/2/10,醫冱穚,127,4217,2056,3246 ,6190 ,2548 ,4377 ,122,2989,1662,9759 ,7249 ,9759 ,4377 
2016/2/11,醫冱穚,129,4587,2233,3210 ,7060 ,2548 ,6867 ,114,3354,1802,3671 ,14710 ,2584 ,6867 
2016/2/12,醫冱穚,145,4719,2292,4449 ,8352 ,3926 ,7316 ,124,3315,1808,8899 ,6875 ,5908 ,7316 
2016/2/13,醫冱穚,152,5190,2482,5414 ,10770 ,4372 ,9271 ,132,3492,1904,2498 ,6156 ,2488 ,9271 
2016/2/14,醫冱穚,160,6701,3103,6588 ,9412 ,2548 ,8132 ,150,4628,2225,6085 ,10681 ,6160 ,8132 
2016/2/15,醫冱穚,187,8196,3525,3268 ,12181 ,2701 ,8965 ,147,5312,2556,3923 ,6584 ,2491 ,8965 
2016/2/16,醫冱穚,209,7905,3529,3661 ,9524 ,2767 ,7593 ,154,5364,2586,14211 ,7913 ,10028 ,7593 
2016/2/17,醫冱穚,229,8313,3473,4782 ,9128 ,3856 ,9216 ,150,5154,2520,3186 ,7503 ,1871 ,9216 
2016/2/18,醫冱穚,205,7647,3445,6360 ,10385 ,4383 ,9050 ,152,4993,2484,4066 ,6989 ,3058 ,9050 
2016/2/19,醫冱穚,196,7215,3150,4890 ,10357 ,4407 ,9201 ,138,4674,2357,7107 ,7008 ,5705 ,9201 
2016/2/20,醫冱穚,183,5615,2603,3929 ,10576 ,4291 ,9247 ,136,3810,1932,12717 ,7558 ,7809 ,9247 
2016/2/21,醫冱穚,168,5425,2453,4356 ,8285 ,4303 ,8965 ,132,3579,1944,6103 ,6638 ,6103 ,8965 
2016/2/22,醫冱穚,202,7351,3055,4415 ,12904 ,4417 ,9226 ,141,4910,2360,,8095 ,,9226 
2016/2/23,醫冱穚,231,7957,3259,10885 ,27679 ,8812 ,13247 ,144,5144,2490,5104 ,9728 ,5705 ,13247 
2016/2/24,醫冱穚,222,7882,3209,8333 ,9456 ,8313 ,8916 ,152,5558,2553,6030 ,10001 ,5844 ,8916 
2016/2/25,醫冱穚,236,7672,3179,5474 ,11803 ,4825 ,9456 ,158,4732,2391,8938 ,7289 ,5973 ,9456 
2016/2/26,醫冱穚,219,7148,2986,8610 ,8892 ,4524 ,8978 ,159,4713,2321,6000 ,10358 ,5946 ,8978 
2016/2/27,醫冱穚,198,5333,2438,5306 ,14278 ,3624 ,13506 ,149,3973,1983,,10171 ,,13506 
2016/2/28,醫冱穚,137,5145,2372,4060 ,6888 ,3488 ,5446 ,138,4161,1928,3981 ,6429 ,2447 ,5446 
2016/2/29,醫冱穚,245,7458,3104,6177 ,9105 ,2838 ,8484 ,134,5585,2441,6108 ,7967 ,6120 ,8484 
2016/3/1,醫冱穚,212,7438,3230,4911 ,9470 ,3723 ,7261 ,155,5492,2494,4478 ,9216 ,4024 ,7261 
2016/3/2,醫冱穚,281,7871,3246,5653 ,9795 ,4735 ,7267 ,161,5752,2593,8509 ,7829 ,5936 ,7267 
2016/3/3,醫冱穚,216,8008,3331,3971 ,12274 ,2715 ,9320 ,141,5474,2443,5907 ,10404 ,5907 ,9320 
2016/3/4,醫冱穚,211,6891,2976,4434 ,10802 ,4930 ,9212 ,158,5381,2384,4585 ,10106 ,3243 ,9212 
2016/3/5,醫冱穚,211,6867,2992,7329 ,11002 ,6926 ,9201 ,140,4617,2362,6319 ,9735 ,6319 ,9201 
2016/3/6,醫冱穚,168,6230,2879,2004 ,8479 ,1616 ,9171 ,151,4379,2341,7171 ,24082 ,5844 ,9171 
2016/3/7,醫冱穚,213,8179,3444,7621 ,14369 ,4370 ,9614 ,156,5489,2612,17968 ,9109 ,13402 ,9614 
2016/3/8,醫冱穚,213,7906,3099,4866 ,10473 ,4325 ,9105 ,140,4935,2168,9148 ,16474 ,7082 ,9105 
2016/3/9,醫冱穚,209,8555,3267,5752 ,10319 ,4480 ,8569 ,141,5647,2340,7153 ,9350 ,5842 ,8569 
2016/3/10,醫冱穚,210,8277,3167,6710 ,12117 ,4609 ,10226 ,160,5144,2349,4906 ,10629 ,4086 ,10226 
2016/3/11,醫冱穚,201,7683,2958,5657 ,12079 ,4506 ,8765 ,135,5182,2196,12092 ,8378 ,7760 ,8765 
2016/3/12,醫冱穚,216,6326,2457,7111 ,11256 ,6455 ,9301 ,169,4306,1941,8574 ,10045 ,6724 ,9301 
2016/3/13,醫冱穚,194,6954,2616,3774 ,9450 ,4169 ,8677 ,149,4067,1931,6158 ,8938 ,6158 ,8677 
2016/3/14,醫冱穚,240,9084,3261,8904 ,9722 ,7855 ,8448 ,144,5523,2385,10039 ,6692 ,7725 ,8448 
2016/3/15,醫冱穚,207,9072,3251,10965 ,8898 ,9488 ,7290 ,155,5440,2354,5956 ,8705 ,5841 ,7290 
2016/3/16,醫冱穚,229,8929,3134,4553 ,9454 ,3921 ,8191 ,152,4866,2243,6829 ,9819 ,6829 ,8191 
2016/3/17,醫冱穚,250,9035,3307,4702 ,11728 ,4313 ,9464 ,170,5326,2321,6113 ,7857 ,5764 ,9464 
2016/3/18,醫冱穚,241,8781,3193,7573 ,16981 ,5356 ,9971 ,167,5090,2231,14199 ,8314 ,6652 ,9971 
2016/3/19,醫冱穚,209,6999,2547,5441 ,9807 ,4888 ,8448 ,132,3752,1757,6164 ,7139 ,5676 ,8448 
2016/3/20,醫冱穚,179,6961,2546,4583 ,14531 ,3559 ,9474 ,143,4112,1797,6135 ,8191 ,5618 ,9474 
2016/3/21,醫冱穚,234,9203,3320,5544 ,8843 ,4549 ,7062 ,145,5650,2372,6461 ,7207 ,6009 ,7062 
2016/3/22,醫冱穚,227,9058,3326,4870 ,10180 ,4320 ,8533 ,157,5676,2415,12039 ,6952 ,9678 ,8533 
2016/3/23,醫冱穚,270,9312,3389,7771 ,12020 ,8155 ,8790 ,165,5931,2486,14403 ,9374 ,8452 ,8790 
2016/3/24,醫冱穚,275,8808,3219,5405 ,9455 ,5356 ,8070 ,159,5398,2354,10736 ,7330 ,7606 ,8070 
2016/3/25,醫冱穚,245,8634,3056,4855 ,11868 ,2823 ,7996 ,159,5249,2197,8778 ,8584 ,6772 ,7996 
2016/3/26,醫冱穚,231,6630,2546,4152 ,9355 ,4536 ,7662 ,162,4488,1876,6796 ,11803 ,6671 ,7662 
2016/3/27,醫冱穚,217,7443,2607,12627 ,8509 ,5078 ,7363 ,140,4069,1873,4892 ,9177 ,3786 ,7363 
2016/3/28,醫冱穚,289,9438,3446,6278 ,9191 ,4833 ,8240 ,170,5858,2468,3752 ,7543 ,1279 ,8240 
2016/3/29,醫冱穚,256,10108,3380,5742 ,12496 ,4571 ,9689 ,167,5964,2433,10491 ,8832 ,10217 ,9689 
2016/3/30,醫冱穚,305,10005,3420,5193 ,10181 ,4633 ,7854 ,155,5687,2331,6133 ,12373 ,5842 ,7854 
2016/3/31,醫冱穚,254,9203,3431,6076 ,9791 ,5073 ,8259 ,144,5794,2373,5929 ,7587 ,5842 ,8259 
2016/4/1,醫冱穚,222,9759,3308,3789 ,12137 ,3158 ,10347 ,151,6929,2476,6195 ,11033 ,6026 ,10347 
2016/4/2,醫冱穚,214,6967,2831,11766 ,11447 ,4774 ,9521 ,160,4532,1977,2926 ,10387 ,2260 ,9521 
2016/4/3,醫冱穚,198,6997,2799,4778 ,9291 ,4920 ,7407 ,155,4254,1860,9602 ,7838 ,9401 ,7407 
2016/4/4,醫冱穚,196,7402,2745,8403 ,8675 ,3594 ,6386 ,167,4563,2077,4777 ,10589 ,5841 ,6386 
2016/4/5,醫冱穚,206,9887,3561,6606 ,10372 ,5809 ,8743 ,155,6815,2724,14451 ,9662 ,12237 ,8743 
2016/4/6,醫冱穚,314,10169,3707,7802 ,12432 ,6864 ,10172 ,159,6704,2733,26413 ,18735 ,15690 ,10172 
2016/4/7,醫冱穚,238,9223,3466,9608 ,16318 ,6916 ,12568 ,173,6550,2663,8896 ,8703 ,6537 ,12568 
2016/4/8,醫冱穚,257,9147,3389,6101 ,16479 ,4554 ,11079 ,177,7134,2789,5437 ,8334 ,5819 ,11079 
2016/4/9,醫冱穚,216,6382,2626,10533 ,8298 ,8540 ,8809 ,161,5098,2065,5842 ,11233 ,5842 ,8809 
2016/4/10,醫冱穚,163,6572,2731,13029 ,9966 ,6459 ,8876 ,152,5100,2141,9487 ,10960 ,9487 ,8876 
2016/4/11,醫冱穚,251,10446,3705,14412 ,11696 ,9001 ,9226 ,148,6739,2730,8244 ,8346 ,6105 ,9226 
2016/4/12,醫冱穚,255,10254,3712,13006 ,9769 ,5755 ,8206 ,140,6499,2649,6160 ,13873 ,6160 ,8206 
2016/4/13,醫冱穚,248,9915,3832,7300 ,11527 ,5897 ,9561 ,168,6497,2749,5253 ,16572 ,3192 ,9561 
2016/4/14,醫冱穚,271,10259,3715,8411 ,11759 ,6032 ,9523 ,152,6473,2751,6427 ,15900 ,5714 ,9523 
2016/4/15,醫冱穚,227,9739,3435,7696 ,12474 ,5027 ,9110 ,192,6464,2547,18901 ,11619 ,6517 ,9110 
2016/4/16,醫冱穚,268,8062,2935,8206 ,13136 ,8846 ,10016 ,132,4675,2081,6918 ,7854 ,6175 ,10016 
2016/4/17,醫冱穚,204,6939,2630,8815 ,11369 ,5152 ,9135 ,151,4640,2039,9272 ,10408 ,8295 ,9135 
2016/4/18,醫冱穚,247,10745,3646,10387 ,9833 ,6182 ,8166 ,177,6737,2646,6904 ,9423 ,6517 ,8166 
2016/4/19,醫冱穚,240,10853,3757,6643 ,9452 ,5653 ,7829 ,158,6425,2688,2418 ,12409 ,370 ,7829 
2016/4/20,醫冱穚,289,10730,3804,6427 ,12516 ,5968 ,10030 ,169,6741,2689,10877 ,10363 ,8371 ,10030 
2016/4/21,醫冱穚,253,10887,3669,6006 ,9744 ,4618 ,7970 ,175,7041,2594,8729 ,11095 ,6715 ,7970 
2016/4/22,醫冱穚,247,9783,3372,7831 ,11208 ,5789 ,9141 ,171,6560,2503,9329 ,6585 ,8990 ,9141 
2016/4/23,醫冱穚,225,8273,3003,10658 ,14937 ,9568 ,8985 ,139,4829,2135,7322 ,10966 ,6608 ,8985 
2016/4/24,醫冱穚,226,7649,2804,6567 ,15623 ,5610 ,12430 ,129,4629,1988,8560 ,11413 ,8560 ,12430 
2016/4/25,醫冱穚,269,10474,3816,6643 ,9750 ,5610 ,7826 ,155,6379,2665,7758 ,10672 ,6727 ,7826 
2016/4/26,醫冱穚,270,11197,3778,6187 ,13030 ,5261 ,10667 ,158,6302,2635,6062 ,9038 ,6459 ,10667 
2016/4/27,醫冱穚,282,11029,3768,8711 ,10780 ,4671 ,8648 ,208,7187,2672,11022 ,12140 ,6517 ,8648 
2016/4/28,醫冱穚,271,9653,3500,6370 ,17300 ,6063 ,15895 ,165,6307,2541,5756 ,13379 ,6247 ,15895 
2016/4/29,醫冱穚,273,8790,3164,5573 ,9063 ,5077 ,8745 ,168,6182,2478,7090 ,10119 ,6517 ,8745 
2016/4/30,醫冱穚,211,7177,2723,5519 ,12587 ,5474 ,8979 ,141,4369,1929,4209 ,7106 ,3354 ,8979 
2016/5/1,醫冱穚,186,6204,2481,5802 ,9396 ,5761 ,8011 ,168,4028,1867,7075 ,14934 ,6517 ,8011 
2016/5/2,醫冱穚,195,7122,2779,8040 ,14366 ,5799 ,9228 ,157,4765,2076,5457 ,14869 ,4864 ,9228 
2016/5/3,醫冱穚,269,10020,3624,5977 ,12392 ,5320 ,8906 ,143,6986,2822,9120 ,8403 ,8846 ,8906 
2016/5/4,醫冱穚,263,10208,3786,8873 ,16384 ,6282 ,9742 ,182,7072,2838,7976 ,7686 ,6683 ,9742 
2016/5/5,醫冱穚,295,10895,3710,5808 ,12589 ,5682 ,9518 ,211,7468,2960,4450 ,11762 ,3354 ,9518 
2016/5/6,醫冱穚,240,10086,3508,4978 ,10924 ,4981 ,8791 ,180,6868,2765,7465 ,16002 ,6603 ,8791 
2016/5/7,醫冱穚,209,8011,3098,4777 ,14000 ,4073 ,11298 ,147,5530,2262,7550 ,10914 ,6473 ,11298 
2016/5/8,醫冱穚,186,7560,2891,11047 ,12816 ,9568 ,7950 ,146,5028,2131,3160 ,7753 ,3160 ,7950 
2016/5/9,醫冱穚,240,10410,3816,6262 ,13312 ,5060 ,9952 ,160,7045,2791,11236 ,9394 ,9114 ,9952 
2016/5/10,醫冱穚,230,10056,3710,6519 ,12384 ,5064 ,10278 ,204,6888,2814,9420 ,16573 ,7085 ,10278 
2016/5/11,醫冱穚,249,9866,3467,6312 ,10260 ,5028 ,8771 ,188,6990,2676,8011 ,12707 ,6666 ,8771 
2016/5/12,醫冱穚,260,9637,3572,7544 ,14282 ,4827 ,8499 ,205,7587,2801,5681 ,10926 ,6376 ,8499 
2016/5/13,醫冱穚,254,10007,3426,9104 ,13722 ,5943 ,9165 ,167,6126,2631,5686 ,10873 ,6378 ,9165 
2016/5/14,醫冱穚,231,7662,2933,5020 ,13334 ,3193 ,10637 ,159,5780,2271,6720 ,12869 ,6720 ,10637 
2016/5/15,醫冱穚,222,7695,2964,19739 ,9315 ,7307 ,8771 ,156,5460,2181,6240 ,10033 ,6101 ,8771 
2016/5/16,醫冱穚,239,10412,3750,7594 ,12251 ,5770 ,9064 ,159,7111,2804,11348 ,12742 ,9753 ,9064 
2016/5/17,醫冱穚,275,11274,3799,7093 ,11935 ,6087 ,9134 ,208,7134,2841,7185 ,12425 ,6540 ,9134 
2016/5/18,醫冱穚,240,11156,3750,5898 ,11511 ,5634 ,9069 ,159,6668,2717,9669 ,12705 ,9669 ,9069 
2016/5/19,醫冱穚,270,10933,3733,7838 ,14670 ,6155 ,10605 ,202,6987,2699,10473 ,11196 ,6670 ,10605 
2016/5/20,醫冱穚,224,10289,3461,6417 ,11471 ,4695 ,8783 ,192,6486,2461,8075 ,12321 ,6681 ,8783 
2016/5/21,醫冱穚,251,8297,2934,12865 ,14235 ,9229 ,9763 ,150,5136,2106,5651 ,8436 ,5002 ,9763 
2016/5/22,醫冱穚,183,7971,2895,8757 ,13558 ,7226 ,11578 ,164,5890,2202,190 ,14394 ,190 ,11578 
2016/5/23,醫冱穚,231,10785,3779,7948 ,17826 ,4735 ,14538 ,209,7751,2885,2836 ,13396 ,640 ,14538 
2016/5/24,醫冱穚,276,11109,3913,8635 ,12207 ,6101 ,10630 ,177,7586,2943,11138 ,13829 ,9017 ,10630 
2016/5/25,醫冱穚,232,10157,3508,7584 ,11747 ,5812 ,10080 ,200,7368,2729,7088 ,10830 ,7088 ,10080 
2016/5/26,醫冱穚,207,10513,3566,8368 ,16623 ,5979 ,13909 ,169,7285,2731,8777 ,10409 ,8674 ,13909 
2016/5/27,醫冱穚,255,10098,3477,15877 ,22647 ,11911 ,12750 ,188,7238,2687,32582 ,13541 ,20033 ,12750 
2016/5/28,醫冱穚,236,8953,2999,8700 ,16248 ,6209 ,11968 ,164,5199,2150,7084 ,12102 ,6115 ,11968 
2016/5/29,醫冱穚,182,8276,2948,5763 ,11365 ,4692 ,8526 ,151,5347,2193,9492 ,14568 ,6818 ,8526 
2016/5/30,醫冱穚,249,10944,3739,7476 ,12269 ,5903 ,11072 ,162,6892,2779,6745 ,16762 ,6519 ,11072 
2016/5/31,醫冱穚,214,10249,3606,6079 ,10951 ,5980 ,9577 ,157,6542,2626,15141 ,10725 ,10002 ,9577 
2016/6/1,醫冱穚,224,12245,3750,10360 ,20865 ,8230 ,9454 ,180,6964,2713,11334 ,15952 ,8523 ,9454 
2016/6/2,醫冱穚,266,11968,3810,7951 ,11878 ,6881 ,9654 ,162,7572,2853,13660 ,14621 ,11004 ,9654 
2016/6/3,醫冱穚,250,10804,3600,9008 ,12838 ,6872 ,9608 ,183,6925,2656,7499 ,14662 ,6982 ,9608 
2016/6/4,醫冱穚,225,8228,2972,7596 ,13135 ,5981 ,9635 ,164,5343,2143,11723 ,11053 ,9208 ,9635 
2016/6/5,醫冱穚,192,7821,2933,7625 ,10641 ,6663 ,8899 ,159,5403,2269,10666 ,13899 ,7718 ,8899 
2016/6/6,醫冱穚,216,10777,3858,7626 ,18404 ,4775 ,13449 ,187,7531,2867,19136 ,17496 ,8935 ,13449 
2016/6/7,醫冱穚,207,10602,3591,8722 ,13123 ,6503 ,11819 ,171,7850,2898,6070 ,11174 ,4061 ,11819 
2016/6/8,醫冱穚,222,10429,3599,9260 ,11023 ,7222 ,8601 ,177,6873,2633,9001 ,12868 ,7942 ,8601 
2016/6/9,醫冱穚,215,8197,2808,14298 ,13471 ,11584 ,9359 ,195,5455,2154,8783 ,13064 ,8974 ,9359 
2016/6/10,醫冱穚,182,7586,2841,8076 ,16640 ,7057 ,11105 ,156,5303,2213,7869 ,10106 ,6990 ,11105 
2016/6/11,醫冱穚,188,7763,2955,8702 ,19122 ,7031 ,10376 ,143,5622,2310,25335 ,7157 ,20976 ,10376 
2016/6/12,醫冱穚,231,10969,3877,9001 ,12296 ,7464 ,8582 ,168,8088,2953,11454 ,8971 ,9875 ,8582 
2016/6/13,醫冱穚,216,10023,3678,7769 ,11100 ,6221 ,9438 ,168,7892,2898,6519 ,15483 ,6519 ,9438 
2016/6/14,醫冱穚,249,11183,3868,9918 ,14275 ,6888 ,12495 ,167,7737,2966,6913 ,10161 ,6662 ,12495 
2016/6/15,醫冱穚,233,10609,3765,8930 ,11989 ,6863 ,8733 ,162,7512,2919,8837 ,11877 ,9272 ,8733 
2016/6/16,醫冱穚,225,9922,3641,9879 ,13736 ,9014 ,10037 ,174,7297,2843,10535 ,10646 ,9303 ,10037 
2016/6/17,醫冱穚,228,10002,3572,6568 ,14028 ,5958 ,11522 ,173,7482,2734,11638 ,9884 ,10162 ,11522 
2016/6/18,醫冱穚,195,7384,2803,9830 ,13603 ,9264 ,10153 ,154,5144,2250,8295 ,16116 ,7503 ,10153 
2016/6/19,醫冱穚,186,7897,2840,9682 ,15307 ,7021 ,11886 ,141,5102,2173,640 ,15727 ,640 ,11886 
2016/6/20,醫冱穚,212,10553,3804,10641 ,12549 ,7158 ,10625 ,174,7063,2781,15696 ,18356 ,10711 ,10625 
2016/6/21,醫冱穚,182,11085,3760,6544 ,13658 ,5609 ,9327 ,154,7233,2872,15208 ,16105 ,9879 ,9327 
2016/6/22,醫冱穚,234,11175,3854,9487 ,16189 ,7026 ,10672 ,165,7578,2922,9069 ,19716 ,8674 ,10672 
2016/6/23,醫冱穚,224,11357,3750,8836 ,12681 ,6962 ,10870 ,202,7720,2786,18444 ,15274 ,16242 ,10870 
2016/6/24,醫冱穚,227,9462,3350,9466 ,14809 ,6864 ,11437 ,152,6923,2572,9349 ,8724 ,9510 ,11437 
2016/6/25,醫冱穚,199,8659,3003,10600 ,15397 ,11557 ,16246 ,150,5482,2208,8484 ,14405 ,5416 ,16246 
2016/6/26,醫冱穚,193,7926,2873,9494 ,15990 ,6624 ,13476 ,140,5622,2200,6971 ,13629 ,5101 ,13476 
2016/6/27,醫冱穚,232,11020,3822,10744 ,13676 ,10238 ,10401 ,173,7347,2842,6191 ,14670 ,7362 ,10401 
2016/6/28,醫冱穚,222,11409,3777,9372 ,15252 ,7535 ,15134 ,162,7509,2900,17005 ,15124 ,9906 ,15134 
2016/6/29,醫冱穚,238,10984,3803,9015 ,16195 ,6887 ,13784 ,159,7820,2891,17394 ,11762 ,9552 ,13784 
2016/6/30,醫冱穚,227,10367,3658,8180 ,17664 ,6865 ,12036 ,169,7233,2775,19861 ,16979 ,14329 ,12036 
2016/7/1,醫冱穚,268,10392,3368,11998 ,12576 ,7468 ,10766 ,193,7146,2637,7496 ,19353 ,7756 ,10766 
2016/7/2,醫冱穚,243,8343,2938,9720 ,15234 ,6791 ,13631 ,177,5822,2234,22794 ,20312 ,14371 ,13631 
2016/7/3,醫冱穚,203,8115,2805,7712 ,11851 ,6791 ,11144 ,165,5568,2230,9421 ,18969 ,9565 ,11144 
2016/7/4,醫冱穚,234,9577,3480,7615 ,17311 ,6865 ,12876 ,163,7062,2721,9551 ,15632 ,9412 ,12876 
2016/7/5,醫冱穚,205,9677,3442,9494 ,16624 ,7025 ,12962 ,160,7017,2699,15338 ,11157 ,12890 ,12962 
2016/7/6,醫冱穚,221,10526,3536,12505 ,14792 ,7169 ,11981 ,171,6882,2742,20645 ,10743 ,10279 ,11981 
2016/7/7,醫冱穚,211,9701,3324,8612 ,15339 ,6445 ,9845 ,189,7781,2895,12519 ,12893 ,10573 ,9845 
2016/7/8,醫冱穚,216,10141,3208,14268 ,15907 ,7035 ,11491 ,170,6396,2491,15100 ,28290 ,13048 ,11491 
2016/7/9,醫冱穚,214,8069,2741,10377 ,11297 ,6871 ,10082 ,152,5657,2120,12746 ,13805 ,9965 ,10082 
2016/7/10,醫冱穚,193,7704,2816,7746 ,14903 ,6980 ,12081 ,154,5134,2068,12838 ,19285 ,10411 ,12081 
2016/7/11,醫冱穚,212,10302,3572,12295 ,10907 ,7427 ,10343 ,173,7392,2713,9407 ,14149 ,6925 ,10343 
2016/7/12,醫冱穚,240,9852,3498,7861 ,16036 ,7374 ,13525 ,190,7086,2690,24009 ,10841 ,16305 ,13525 
2016/7/13,醫冱穚,229,10246,3477,9080 ,15911 ,7404 ,10427 ,187,7187,2693,16152 ,21594 ,9881 ,10427 
2016/7/14,醫冱穚,247,10552,3552,12424 ,19609 ,10611 ,13551 ,188,7210,2720,13538 ,15301 ,10168 ,13551 
2016/7/15,醫冱穚,229,9555,3234,11358 ,13477 ,7903 ,10766 ,180,6995,2561,11234 ,19232 ,10456 ,10766 
2016/7/16,醫冱穚,201,7333,2641,7141 ,11907 ,6865 ,10082 ,157,5950,2098,8240 ,8550 ,7410 ,10082 
2016/7/17,醫冱穚,210,7298,2639,7098 ,15012 ,6001 ,11896 ,167,5715,2211,9552 ,14274 ,9565 ,11896 
2016/7/18,醫冱穚,197,9761,3445,13971 ,14130 ,8737 ,10860 ,184,7263,2817,19661 ,44520 ,19661 ,10860 
2016/7/19,醫冱穚,241,9973,3492,10693 ,15213 ,7728 ,14723 ,177,7254,2749,7512 ,23722 ,6920 ,14723 
2016/7/20,醫冱穚,228,10139,3323,10686 ,13645 ,7898 ,9595 ,172,6782,2583,13838 ,11725 ,10722 ,9595 
2016/7/21,醫冱穚,227,9999,3290,11324 ,12298 ,8571 ,9618 ,184,7035,2695,17044 ,10741 ,11398 ,9618 
2016/7/22,醫冱穚,217,9555,3213,10734 ,10932 ,7743 ,10808 ,178,7218,2648,9193 ,20800 ,8202 ,10808 
2016/7/23,醫冱穚,207,8114,2638,8861 ,15986 ,7046 ,8803 ,172,5269,2090,11001 ,13234 ,10195 ,8803 
2016/7/24,醫冱穚,187,7620,2508,9966 ,9469 ,7468 ,8196 ,140,5119,2079,9880 ,16117 ,9880 ,8196 
2016/7/25,醫冱穚,258,10536,3409,11350 ,11451 ,8480 ,10734 ,176,7295,2721,7803 ,22222 ,6523 ,10734 
2016/7/26,醫冱穚,244,10538,3363,8422 ,13194 ,7985 ,9956 ,177,7104,2726,6149 ,19782 ,5632 ,9956 
2016/7/27,醫冱穚,224,10360,3335,7613 ,12194 ,7254 ,9253 ,204,7320,2665,13705 ,17843 ,9741 ,9253 
2016/7/28,醫冱穚,238,10304,3353,10842 ,13139 ,10106 ,10682 ,204,7125,2684,4810 ,13157 ,3433 ,10682 
2016/7/29,醫冱穚,257,8889,3133,7572 ,17365 ,7957 ,15361 ,176,6711,2531,9353 ,14197 ,7639 ,15361 
2016/7/30,醫冱穚,216,8088,2688,10932 ,12164 ,7827 ,9350 ,177,5634,2159,13442 ,15336 ,11253 ,9350 
2016/7/31,醫冱穚,202,6953,2566,8235 ,9770 ,7252 ,8817 ,179,5714,2151,5517 ,11087 ,190 ,8817 
2016/8/1,醫冱穚,218,10343,3439,12831 ,12929 ,11625 ,9061 ,195,8110,2870,13497 ,15052 ,9642 ,9061 
2016/8/2,醫冱穚,254,9848,3381,7965 ,10780 ,7304 ,9368 ,187,7790,2834,8012 ,12303 ,6937 ,9368 
2016/8/3,醫冱穚,225,9260,3336,10476 ,8851 ,7274 ,8987 ,186,8085,3039,11661 ,12740 ,9547 ,8987 
2016/8/4,醫冱穚,266,10086,3326,13926 ,9615 ,8819 ,8283 ,177,7679,2994,9742 ,15000 ,6951 ,8283 
2016/8/5,醫冱穚,235,9118,3129,11543 ,11625 ,8898 ,8148 ,186,7279,2758,8020 ,10544 ,5631 ,8148 
2016/8/6,醫冱穚,195,7097,2514,7641 ,8409 ,6865 ,7208 ,179,5697,2186,9391 ,11581 ,11003 ,7208 
2016/8/7,醫冱穚,199,6986,2473,7645 ,7972 ,6742 ,7208 ,166,5219,2130,7386 ,10242 ,9538 ,7208 
2016/8/8,醫冱穚,215,8651,3039,9527 ,10712 ,6499 ,7418 ,195,7431,2812,8721 ,9803 ,7054 ,7418 
2016/8/9,醫冱穚,221,8887,2886,16386 ,11412 ,12444 ,8719 ,198,7057,2636,5935 ,11116 ,5592 ,8719 
2016/8/10,醫冱穚,255,9646,3311,5765 ,11653 ,4912 ,7208 ,190,6694,2723,7197 ,10524 ,6757 ,7208 
2016/8/11,醫冱穚,215,9142,3297,9785 ,8512 ,7181 ,7208 ,195,6723,2763,9920 ,9835 ,7576 ,7208 
2016/8/12,醫冱穚,254,8784,3184,12075 ,12720 ,6865 ,9125 ,187,6518,2643,8074 ,9278 ,6958 ,9125 
2016/8/13,醫冱穚,204,5722,2310,7349 ,9690 ,4802 ,7421 ,167,4846,2018,7626 ,13026 ,5551 ,7421 
2016/8/14,醫冱穚,182,5142,1984,7872 ,8221 ,5692 ,7134 ,171,3837,1650,9997 ,15151 ,9385 ,7134 
2016/8/15,醫冱穚,240,7469,2758,7799 ,8152 ,6188 ,7208 ,165,5067,2090,8189 ,10231 ,6757 ,7208 
2016/8/16,醫冱穚,213,7970,3009,6416 ,9317 ,4819 ,7208 ,199,6365,2608,5901 ,9761 ,5794 ,7208 
2016/8/17,醫冱穚,240,6005,2234,6935 ,9510 ,5254 ,7659 ,179,4160,1687,4771 ,11478 ,5551 ,7659 
2016/8/18,醫冱穚,238,10670,4004,6220 ,7999 ,4771 ,7257 ,200,8013,3264,4848 ,15199 ,5550 ,7257 
2016/8/19,醫冱穚,239,7667,2868,4596 ,8272 ,4591 ,7166 ,198,5790,2424,8923 ,14326 ,6869 ,7166 
2016/8/20,醫冱穚,215,6287,2588,10537 ,11902 ,5360 ,8395 ,157,4432,1885,5322 ,9447 ,5631 ,8395 
2016/8/21,醫冱穚,182,6234,2637,6628 ,8747 ,5982 ,7399 ,158,4299,1962,5874 ,15410 ,5591 ,7399 
2016/8/22,醫冱穚,236,9887,4136,5885 ,8356 ,5821 ,7205 ,195,6213,2636,4891 ,8138 ,4704 ,7205 
2016/8/23,醫冱穚,266,9748,3912,3705 ,10744 ,4515 ,7419 ,179,6594,2769,4891 ,8122 ,5631 ,7419 
2016/8/24,醫冱穚,243,8005,3311,6036 ,6955 ,5592 ,6944 ,190,6076,2226,6923 ,8637 ,5551 ,6944 
2016/8/25,醫冱穚,258,9564,3762,7683 ,7743 ,4871 ,7206 ,184,6729,2575,5997 ,7103 ,5632 ,7206 
2016/8/26,醫冱穚,258,8320,3572,5474 ,6557 ,4604 ,6912 ,189,6238,2450,4700 ,7245 ,5551 ,6912 
2016/8/27,醫冱穚,221,6711,2685,6804 ,8367 ,5091 ,6956 ,154,4832,1905,5943 ,9498 ,5632 ,6956 
2016/8/28,醫冱穚,187,6748,2847,5657 ,7144 ,4586 ,6657 ,169,4801,2059,10879 ,12050 ,5173 ,6657 
2016/8/29,醫冱穚,209,9175,3754,5669 ,6699 ,4677 ,6796 ,178,6356,2661,6684 ,15720 ,6708 ,6796 
2016/8/30,醫冱穚,258,9578,3700,7178 ,10262 ,5101 ,6938 ,180,6561,2652,8835 ,9705 ,8179 ,6938 
2016/8/31,醫冱穚,230,8885,3637,4860 ,9177 ,4573 ,6816 ,184,6208,2572,6021 ,8708 ,6973 ,6816 
2016/9/1,醫冱穚,242,8850,3478,6980 ,7555 ,6063 ,6983 ,174,5757,2420,8696 ,11200 ,7702 ,6983 
2016/9/2,醫冱穚,237,8420,3273,4395 ,7258 ,4505 ,6837 ,194,5898,2377,7586 ,12828 ,6550 ,6837 
2016/9/3,醫冱穚,218,6445,2605,5695 ,6737 ,4713 ,6560 ,155,4666,1899,7723 ,6246 ,6442 ,6560 
2016/9/4,醫冱穚,191,6224,2517,4876 ,7675 ,4602 ,6618 ,164,4595,1972,5034 ,11929 ,4330 ,6618 
2016/9/5,醫冱穚,240,9834,3512,4403 ,7841 ,4583 ,7313 ,168,6194,2474,7244 ,16469 ,6708 ,7313 
2016/9/6,醫冱穚,240,8569,3323,6566 ,8178 ,4714 ,6769 ,174,5472,2382,5980 ,7041 ,6658 ,6769 
2016/9/7,醫冱穚,220,7499,3174,6960 ,8597 ,5029 ,7101 ,181,5033,2174,13194 ,8981 ,10623 ,7101 
2016/9/8,醫冱穚,258,8887,3679,5789 ,8049 ,4586 ,6772 ,175,5536,2366,3897 ,10081 ,4029 ,6772 
2016/9/9,醫冱穚,245,7925,3264,5986 ,7722 ,5825 ,7008 ,186,5500,2119,7193 ,8731 ,4456 ,7008 
2016/9/10,醫冱穚,213,6081,2472,5634 ,9237 ,4961 ,6838 ,161,3603,1628,6791 ,9760 ,6757 ,6838 
2016/9/11,醫冱穚,222,6537,2719,7438 ,13693 ,4556 ,8648 ,150,4054,1779,2134 ,8383 ,2134 ,8648 
2016/9/12,醫冱穚,206,8601,3454,5813 ,7864 ,4705 ,6688 ,155,5715,2355,5466 ,9193 ,6757 ,6688 
2016/9/13,醫冱穚,216,8639,3494,4229 ,6706 ,4221 ,6677 ,177,5157,2253,9560 ,11526 ,7732 ,6677 
2016/9/14,醫冱穚,222,8194,3328,5610 ,9297 ,4591 ,8987 ,195,5705,2202,9763 ,10740 ,6973 ,8987 
2016/9/15,醫冱穚,198,6027,2526,3478 ,7446 ,2464 ,6711 ,171,4100,1635,7641 ,10379 ,7600 ,6711 
2016/9/16,醫冱穚,181,5949,2368,6242 ,7098 ,5963 ,6843 ,164,4197,1733,9137 ,11978 ,7916 ,6843 
2016/9/17,醫冱穚,229,5811,2359,5865 ,7914 ,4706 ,6763 ,150,4280,1844,5676 ,7927 ,4333 ,6763 
2016/9/18,醫冱穚,226,8555,3154,4495 ,6708 ,4572 ,6068 ,160,5926,2445,11700 ,8816 ,9296 ,6068 
2016/9/19,醫冱穚,234,8337,3056,3457 ,7524 ,3337 ,6557 ,197,5944,2491,6350 ,9581 ,4138 ,6557 
2016/9/20,醫冱穚,230,9187,3194,4512 ,6152 ,4561 ,6247 ,168,6138,2428,9796 ,10814 ,9231 ,6247 
2016/9/21,醫冱穚,247,8816,3356,5390 ,7467 ,4561 ,6542 ,177,6116,2389,6356 ,20159 ,6469 ,6542 
2016/9/22,醫冱穚,214,9196,3571,4998 ,8501 ,4232 ,6894 ,182,5988,2300,5146 ,9095 ,4293 ,6894 
2016/9/23,醫冱穚,226,8895,3388,7060 ,7974 ,4632 ,6906 ,166,5315,2224,8955 ,9237 ,8107 ,6906 
2016/9/24,醫冱穚,223,6111,2439,7854 ,7322 ,4520 ,6542 ,158,3666,1698,5073 ,20676 ,3880 ,6542 
2016/9/25,醫冱穚,198,6346,2399,5120 ,8850 ,3955 ,6706 ,150,3916,1739,4244 ,11111 ,3706 ,6706 
2016/9/26,醫冱穚,213,8586,3269,4684 ,10048 ,4351 ,6706 ,187,5083,2266,4837 ,15082 ,3822 ,6706 
2016/9/27,醫冱穚,238,8632,3418,4288 ,7279 ,3337 ,6542 ,215,5177,2261,10317 ,8306 ,8107 ,6542 
2016/9/28,醫冱穚,245,7981,3156,5498 ,7030 ,4007 ,6691 ,176,5135,2130,4098 ,7927 ,3706 ,6691 
2016/9/29,醫冱穚,244,8157,3163,6437 ,8256 ,4677 ,6870 ,168,4868,2178,3937 ,9628 ,3016 ,6870 
2016/9/30,醫冱穚,249,7797,2983,4017 ,5899 ,2268 ,4717 ,191,4918,2060,8441 ,11335 ,7863 ,4717 
2016/10/1,醫冱穚,195,5845,2405,4916 ,6266 ,4033 ,5389 ,175,3920,1672,8043 ,10292 ,4912 ,5389 
2016/10/2,醫冱穚,173,5007,2167,3522 ,5700 ,2320 ,4350 ,140,3308,1487,5321 ,9184 ,4754 ,4350 
2016/10/3,醫冱穚,191,4979,2155,4859 ,5900 ,2506 ,6250 ,152,3163,1509,5270 ,7953 ,4196 ,6250 
2016/10/4,醫冱穚,162,4851,2160,3572 ,7865 ,2277 ,7030 ,131,3039,1539,3828 ,6890 ,3706 ,7030 
2016/10/5,醫冱穚,167,5318,2247,2834 ,8824 ,2418 ,6837 ,135,3201,1571,4795 ,8710 ,3706 ,6837 
2016/10/6,醫冱穚,168,5580,2461,2901 ,8224 ,2246 ,6805 ,139,3811,1663,5400 ,7251 ,3949 ,6805 
2016/10/7,醫冱穚,176,6148,2637,3718 ,8534 ,2386 ,6894 ,159,4160,1819,3280 ,6682 ,2732 ,6894 
2016/10/8,醫冱穚,205,8520,3289,5291 ,5738 ,3654 ,4242 ,183,5106,2273,10949 ,7440 ,4084 ,4242 
2016/10/9,醫冱穚,254,8440,3133,4710 ,7965 ,3238 ,6312 ,152,5185,2218,4302 ,8920 ,3828 ,6312 
2016/10/10,醫冱穚,220,7768,3147,4359 ,8695 ,4058 ,6693 ,177,4984,2141,3987 ,8178 ,3958 ,6693 
2016/10/11,醫冱穚,223,7521,2956,3809 ,9186 ,3521 ,6693 ,159,5235,2163,3625 ,12589 ,4066 ,6693 
2016/10/12,醫冱穚,222,8106,3202,4196 ,6836 ,3262 ,5549 ,178,5214,2135,4050 ,7329 ,4047 ,5549 
2016/10/13,醫冱穚,219,7693,3066,5007 ,7148 ,4040 ,5968 ,166,5223,2175,4139 ,8846 ,4067 ,5968 
2016/10/14,醫冱穚,193,7318,2816,4378 ,12174 ,3208 ,6508 ,149,4911,2107,3013 ,9288 ,2940 ,6508 
2016/10/15,醫冱穚,230,5946,2274,3974 ,7592 ,2860 ,6328 ,150,3746,1607,13610 ,7034 ,5433 ,6328 
2016/10/16,醫冱穚,182,5658,2231,4963 ,7660 ,5063 ,6362 ,160,4132,1687,3707 ,12385 ,3707 ,6362 
2016/10/17,醫冱穚,223,8250,3113,4703 ,6384 ,4277 ,5270 ,168,5404,2207,3981 ,7774 ,3707 ,5270 
2016/10/18,醫冱穚,248,8452,3010,5575 ,9619 ,4119 ,6747 ,191,5617,2327,4892 ,11385 ,4200 ,6747 
2016/10/19,醫冱穚,213,7584,2817,5647 ,7390 ,4022 ,6371 ,170,5279,2087,7270 ,8320 ,7051 ,6371 
2016/10/20,醫冱穚,238,7119,2370,4631 ,6539 ,4065 ,5572 ,186,4795,1725,4560 ,11203 ,3708 ,5572 
2016/10/21,醫冱穚,219,7008,2616,4928 ,7467 ,2059 ,6081 ,195,3964,1618,3793 ,14117 ,3726 ,6081 
2016/10/22,醫冱穚,197,4838,1869,9053 ,7694 ,3888 ,6475 ,154,2750,1122,4914 ,8031 ,2175 ,6475 
2016/10/23,醫冱穚,203,4668,1878,2426 ,9182 ,2008 ,6480 ,149,2823,1150,3654 ,5771 ,2762 ,6480 
2016/10/24,醫冱穚,219,6875,2696,3383 ,7995 ,2008 ,6414 ,185,4983,1826,3281 ,7883 ,1953 ,6414 
2016/10/25,醫冱穚,251,8698,3552,3096 ,8920 ,3254 ,6621 ,159,5731,2149,5126 ,8905 ,3710 ,6621 
2016/10/26,醫冱穚,240,8950,3710,3786 ,7433 ,3481 ,6406 ,170,5504,2154,4669 ,9434 ,3953 ,6406 
2016/10/27,醫冱穚,197,8401,3603,3170 ,6776 ,3259 ,6369 ,191,5563,2262,5074 ,11582 ,3117 ,6369 
2016/10/28,醫冱穚,235,8237,3448,4260 ,9646 ,3515 ,7739 ,159,5316,2155,4014 ,12054 ,3026 ,7739 
2016/10/29,醫冱穚,190,6214,2696,2724 ,8230 ,2055 ,5536 ,175,4122,1720,4037 ,10503 ,3027 ,5536 
2016/10/30,醫冱穚,177,5753,2566,4246 ,11123 ,3850 ,7274 ,167,3975,1705,3137 ,8946 ,3027 ,7274 
2016/10/31,醫冱穚,205,8363,3348,2960 ,9513 ,1885 ,6567 ,154,5307,2105,5278 ,7566 ,3934 ,6567 
2016/11/1,醫冱穚,230,8117,3219,4364 ,10122 ,3550 ,6601 ,182,5983,2286,6578 ,12517 ,5173 ,6601 
2016/11/2,醫冱穚,227,8023,3122,3291 ,8679 ,2120 ,6436 ,188,5452,2141,4596 ,8057 ,3072 ,6436 
2016/11/3,醫冱穚,208,7868,3069,3912 ,6844 ,3260 ,6402 ,186,5683,2144,5294 ,9472 ,3089 ,6402 
2016/11/4,醫冱穚,258,11247,3620,3482 ,10495 ,3260 ,6444 ,162,5635,2166,5130 ,8884 ,3049 ,6444 
2016/11/5,醫冱穚,202,5824,2287,4102 ,9486 ,3646 ,6436 ,171,4490,1739,5474 ,10167 ,3372 ,6436 
2016/11/6,醫冱穚,179,5832,2269,3962 ,7969 ,3323 ,6814 ,139,4091,1723,2635 ,13607 ,2244 ,6814 
2016/11/7,醫冱穚,204,8605,3208,6066 ,10776 ,5817 ,6793 ,188,5730,2251,4845 ,12382 ,3764 ,6793 
2016/11/8,醫冱穚,249,8807,3019,5018 ,6152 ,3543 ,4315 ,174,5569,2193,3770 ,7615 ,3026 ,4315 
2016/11/9,醫冱穚,233,7865,2824,4718 ,10037 ,2101 ,7074 ,163,5516,2049,3192 ,8348 ,3027 ,7074 
2016/11/10,醫冱穚,205,7918,3037,3934 ,9213 ,3172 ,6814 ,173,5278,2051,4307 ,7082 ,3052 ,6814 
2016/11/11,醫冱穚,198,7497,3018,7212 ,8978 ,6382 ,6381 ,188,5096,1932,3609 ,10392 ,3027 ,6381 
2016/11/12,醫冱穚,179,5563,2259,5782 ,14848 ,3477 ,7154 ,159,4082,1743,3027 ,10107 ,3027 ,7154 
2016/11/13,醫冱穚,186,6084,2588,5356 ,9032 ,4223 ,7032 ,149,4163,1750,5370 ,12375 ,3027 ,7032 
2016/11/14,醫冱穚,225,8821,3582,3353 ,9005 ,3358 ,6884 ,163,5580,2278,6309 ,8205 ,6039 ,6884 
2016/11/15,醫冱穚,206,7549,2986,4993 ,7935 ,3262 ,5460 ,182,6065,2307,11434 ,7779 ,9391 ,5460 
2016/11/16,醫冱穚,204,7939,3216,3317 ,7747 ,2077 ,6424 ,172,5920,2203,6116 ,11978 ,5495 ,6424 
2016/11/17,醫冱穚,257,8061,2985,4306 ,9567 ,3574 ,7098 ,184,5656,2283,4850 ,14789 ,3029 ,7098 
2016/11/18,醫冱穚,249,8005,2899,3089 ,9611 ,1878 ,6917 ,168,6178,2214,3347 ,9662 ,3030 ,6917 
2016/11/19,醫冱穚,236,6440,2272,4416 ,11349 ,3405 ,6754 ,159,4526,1721,5968 ,11290 ,3033 ,6754 
2016/11/20,醫冱穚,213,6280,2338,6747 ,10007 ,6429 ,7002 ,159,4696,1796,4200 ,10475 ,3029 ,7002 
2016/11/21,醫冱穚,277,8448,3055,4072 ,12068 ,3263 ,7686 ,185,6083,2340,4877 ,13815 ,3088 ,7686 
2016/11/22,醫冱穚,235,8454,2977,3686 ,8293 ,2212 ,6899 ,193,6488,2405,4278 ,8709 ,3111 ,6899 
2016/11/23,醫冱穚,279,11535,3374,5180 ,12503 ,4974 ,6862 ,173,5880,2346,2166 ,10624 ,1950 ,6862 
2016/11/24,醫冱穚,213,9659,2945,4463 ,7931 ,3425 ,6503 ,168,5183,2140,3363 ,10673 ,3021 ,6503 
2016/11/25,醫冱穚,237,6809,2516,3929 ,6741 ,3480 ,6474 ,209,5227,2048,4683 ,8917 ,3111 ,6474 
2016/11/26,醫冱穚,207,5680,2128,3413 ,9448 ,2103 ,8176 ,166,4007,1646,4083 ,8620 ,3111 ,8176 
2016/11/27,醫冱穚,169,5133,2059,3654 ,7452 ,1833 ,6324 ,165,4135,1709,2339 ,6775 ,1111 ,6324 
2016/11/28,醫冱穚,249,7629,2844,3887 ,8645 ,3482 ,7033 ,168,6149,2328,5171 ,16318 ,3112 ,7033 
2016/11/29,醫冱穚,219,7713,2949,5154 ,7381 ,3427 ,6371 ,195,5903,2367,4618 ,8741 ,3268 ,6371 
2016/11/30,醫冱穚,204,7827,2969,9436 ,8364 ,4448 ,6666 ,183,6045,2312,5076 ,8896 ,3142 ,6666 
2016/12/1,醫冱穚,245,8189,2987,5090 ,9268 ,3558 ,6889 ,189,6734,2695,6861 ,10989 ,5370 ,6889 
2016/12/2,醫冱穚,241,9078,3300,7821 ,11593 ,3601 ,6945 ,196,6765,2448,8333 ,6136 ,8863 ,6945 
2016/12/3,醫冱穚,198,6133,2343,9119 ,15543 ,3993 ,6909 ,178,5036,1931,12114 ,9993 ,7647 ,6909 
2016/12/4,醫冱穚,177,6436,2434,4778 ,7805 ,3631 ,6749 ,172,5234,1919,6358 ,12283 ,3656 ,6749 
2016/12/5,醫冱穚,240,9764,3374,4754 ,8850 ,3354 ,6941 ,207,7295,2537,5517 ,15158 ,3864 ,6941 
2016/12/6,醫冱穚,239,9438,3289,5529 ,8455 ,4430 ,6980 ,180,7521,2624,4257 ,12618 ,3111 ,6980 
2016/12/7,醫冱穚,249,9402,3105,4829 ,7733 ,4030 ,6915 ,181,7048,2472,4800 ,18650 ,3779 ,6915 
2016/12/8,醫冱穚,259,9413,3072,9934 ,11897 ,8989 ,6800 ,179,6791,2435,13269 ,8754 ,9677 ,6800 
2016/12/9,醫冱穚,231,8599,2895,8249 ,9713 ,5861 ,7804 ,188,6239,2283,4035 ,14653 ,2101 ,7804 
2016/12/10,醫冱穚,225,6347,2337,6218 ,10520 ,4887 ,7205 ,157,4723,1827,3641 ,8365 ,3111 ,7205 
2016/12/11,醫冱穚,225,6171,2315,5163 ,9965 ,4694 ,7272 ,168,4827,1849,18173 ,10172 ,6953 ,7272 
2016/12/12,醫冱穚,234,9174,3140,5844 ,14272 ,4731 ,6821 ,202,7280,2490,8121 ,9859 ,6180 ,6821 
2016/12/13,醫冱穚,261,9570,3223,5517 ,8218 ,4232 ,6987 ,175,6698,2547,6351 ,11465 ,6405 ,6987 
2016/12/14,醫冱穚,256,9159,3070,7624 ,9940 ,6232 ,7278 ,182,6674,2396,4340 ,11552 ,3591 ,7278 
2016/12/15,醫冱穚,245,8715,2969,11980 ,9703 ,5816 ,7379 ,177,5927,2259,3144 ,13277 ,3066 ,7379 
2016/12/16,醫冱穚,202,10202,3289,5154 ,9741 ,3919 ,6720 ,168,7202,2599,5709 ,11520 ,3903 ,6720 
2016/12/17,醫冱穚,233,6612,2397,6162 ,11670 ,5464 ,8274 ,150,5132,1968,3845 ,11097 ,2997 ,8274 
2016/12/18,醫冱穚,181,6418,2421,5657 ,8511 ,4886 ,6996 ,159,5051,1971,10318 ,10243 ,4877 ,6996 
2016/12/19,醫冱穚,231,9344,3139,7212 ,12226 ,5877 ,8826 ,172,6444,2406,8594 ,24069 ,4085 ,8826 
2016/12/20,醫冱穚,264,9369,3267,10238 ,12182 ,3624 ,11843 ,167,6529,2462,5156 ,12923 ,5156 ,11843 
2016/12/21,醫冱穚,251,9950,3320,6786 ,11190 ,4797 ,8745 ,191,6600,2425,24020 ,16121 ,19867 ,8745 
2016/12/22,醫冱穚,258,9762,3399,5100 ,12993 ,4316 ,8840 ,166,6576,2459,4916 ,10688 ,4324 ,8840 
2016/12/23,醫冱穚,206,8793,3314,6922 ,10364 ,5865 ,7147 ,168,6834,2428,6360 ,12904 ,5156 ,7147 
2016/12/24,醫冱穚,200,6613,2439,7698 ,8194 ,5972 ,6166 ,163,4546,1804,3113 ,18690 ,3113 ,6166 
2016/12/25,醫冱穚,177,6282,2571,6764 ,10355 ,6192 ,7588 ,144,4703,1799,6337 ,11219 ,5021 ,7588 
2016/12/26,醫冱穚,206,9107,3476,7680 ,7716 ,6894 ,7117 ,189,6494,2377,6855 ,11721 ,6182 ,7117 
2016/12/27,醫冱穚,214,8560,3496,7675 ,8122 ,6637 ,6623 ,166,5890,2386,3065 ,13298 ,694 ,6623 
2016/12/28,醫冱穚,220,8802,3304,9534 ,14431 ,7732 ,13478 ,186,5919,2298,9455 ,13707 ,11663 ,13478 
2016/12/29,醫冱穚,225,8820,3426,8635 ,12319 ,6684 ,9850 ,192,6486,2303,,15349 ,,9850 
2016/12/30,醫冱穚,207,7661,3123,7977 ,9324 ,6226 ,7638 ,160,5864,2180,7340 ,13956 ,5018 ,7638 
2016/12/31,醫冱穚,182,5336,2227,6279 ,7712 ,5601 ,6164 ,140,3678,1596,20972 ,9319 ,18284 ,6164 
2017/1/1,醫冱穚,173,6504,2351,10368 ,8920 ,7854 ,6503 ,187,4751,1784,17358 ,16769 ,17643 ,6503 
2017/1/2,醫冱穚,175,7083,2814,7076 ,11478 ,6061 ,7741 ,145,5097,1991,8030 ,17315 ,5392 ,7741 
2017/1/3,醫冱穚,238,10913,4088,6654 ,11200 ,6442 ,9737 ,166,7107,2725,3805 ,17094 ,460 ,9737 
2017/1/4,醫冱穚,213,10433,3624,7107 ,12024 ,6627 ,9696 ,182,7370,2793,7020 ,15636 ,7587 ,9696 
2017/1/5,醫冱穚,224,10235,3490,10067 ,9619 ,8551 ,7622 ,186,7098,2716,8990 ,13174 ,6902 ,7622 
2017/1/6,醫冱穚,226,9289,3244,8088 ,11994 ,7115 ,8529 ,183,6790,2505,6306 ,8661 ,2916 ,8529 
2017/1/7,醫冱穚,217,7670,2778,6881 ,11533 ,6607 ,10108 ,176,5548,2176,11244 ,10161 ,5381 ,10108 
2017/1/8,醫冱穚,216,7270,2636,6009 ,11158 ,5846 ,10234 ,155,4979,2079,11663 ,14716 ,7150 ,10234 
2017/1/9,醫冱穚,205,9316,3281,6568 ,10003 ,6632 ,7342 ,157,6425,2553,8037 ,10427 ,7586 ,7342 
2017/1/10,醫冱穚,226,9621,3244,6622 ,10077 ,6607 ,8054 ,173,6424,2432,41218 ,10225 ,18717 ,8054 
2017/1/11,醫冱穚,231,8925,3072,10127 ,9554 ,7864 ,8495 ,169,6479,2456,5504 ,13419 ,4613 ,8495 
2017/1/12,醫冱穚,306,24892,6298,8934 ,4790 ,5832 ,3268 ,180,6533,2490,7223 ,12387 ,7712 ,3268 
2017/1/13,醫冱穚,223,9120,3281,10995 ,11124 ,7925 ,7386 ,164,6369,2329,13787 ,23729 ,6939 ,7386 
2017/1/14,醫冱穚,186,7060,2590,5833 ,8591 ,5650 ,5874 ,175,4777,1881,9467 ,16693 ,10211 ,5874 
2017/1/15,醫冱穚,218,6612,2482,9408 ,10466 ,7305 ,7879 ,163,4332,1887,9087 ,11815 ,5382 ,7879 
2017/1/16,醫冱穚,209,8146,3122,5403 ,9162 ,4399 ,5876 ,170,5660,2274,11817 ,18731 ,9180 ,5876 
2017/1/17,醫冱穚,197,8545,3124,10113 ,9014 ,10219 ,7183 ,154,5966,2268,11055 ,14276 ,7410 ,7183 
2017/1/18,醫冱穚,203,8430,3064,5269 ,7308 ,3896 ,5811 ,194,5779,2204,10664 ,15416 ,3032 ,5811 
2017/1/19,醫冱穚,255,7955,2986,5142 ,8845 ,3603 ,7062 ,171,5308,2155,17824 ,16756 ,15225 ,7062 
2017/1/20,醫冱穚,214,7659,2809,8291 ,9173 ,8101 ,6402 ,145,4565,1941,8368 ,13180 ,5963 ,6402 
2017/1/21,醫冱穚,202,6104,2318,5631 ,5361 ,4042 ,5985 ,160,4326,1777,4497 ,18552 ,586 ,5985 
2017/1/22,醫冱穚,204,7207,2865,5606 ,9284 ,3513 ,6879 ,158,5080,2039,6269 ,8690 ,3165 ,6879 
2017/1/23,醫冱穚,208,7124,2841,7795 ,6897 ,3889 ,6414 ,137,4876,2042,6851 ,8960 ,3030 ,6414 
2017/1/25,醫冱穚,231,7047,2712,8597 ,6492 ,4902 ,6417 ,159,4600,1940,3781 ,8583 ,3030 ,6417 
2017/1/26,醫冱穚,235,5608,2382,6363 ,8180 ,4196 ,6402 ,167,3946,1635,9649 ,9349 ,3086 ,6402 
2017/1/27,醫冱穚,160,3788,1632,4537 ,5440 ,2194 ,3464 ,141,2272,1026,5068 ,7585 ,3031 ,3464 
2017/1/28,醫冱穚,153,4435,1949,5822 ,8504 ,3256 ,6447 ,150,3073,1469,5084 ,14642 ,5380 ,6447 
2017/1/29,醫冱穚,155,4738,2193,3648 ,6056 ,2484 ,4750 ,143,3609,1564,5380 ,6152 ,5380 ,4750 
2017/1/30,醫冱穚,164,4961,2302,5973 ,18299 ,3885 ,6404 ,135,3504,1637,4400 ,9431 ,3031 ,6404 
2017/1/31,醫冱穚,175,5002,2355,5515 ,9148 ,2175 ,6209 ,142,3527,1768,3031 ,21769 ,3031 ,6209 
2017/2/1,醫冱穚,186,5712,2568,4072 ,6930 ,3575 ,6213 ,133,3717,1770,2922 ,11140 ,3031 ,6213 
2017/2/2,醫冱穚,168,5906,2647,4284 ,6268 ,3259 ,6209 ,135,3995,2004,5496 ,7372 ,4164 ,6209 
2017/2/3,醫冱穚,197,8507,3598,5351 ,6861 ,3885 ,6551 ,139,5566,2528,3031 ,9545 ,3031 ,6551 
2017/2/4,醫冱穚,248,8610,3668,3690 ,7528 ,3903 ,6566 ,151,5091,2439,3562 ,6810 ,3031 ,6566 
2017/2/5,醫冱穚,189,7197,3093,3347 ,7003 ,2499 ,6228 ,128,4185,2008,3573 ,8707 ,2242 ,6228 
2017/2/6,醫冱穚,199,9601,3924,4096 ,5157 ,2906 ,4338 ,150,5815,2666,3688 ,8926 ,3516 ,4338 
2017/2/7,醫冱穚,273,10292,4051,4189 ,7423 ,3990 ,6254 ,166,5792,2652,145 ,7688 ,145 ,6254 
2017/2/8,醫冱穚,245,9240,3896,3956 ,6120 ,2222 ,6105 ,174,5892,2648,5968 ,7952 ,4109 ,6105 
2017/2/9,醫冱穚,217,8770,3692,4024 ,7652 ,3952 ,5781 ,169,5589,2547,7107 ,9309 ,4161 ,5781 
2017/2/10,醫冱穚,246,8844,3611,4067 ,6774 ,3810 ,6034 ,171,5307,2321,2922 ,7405 ,3031 ,6034 
2017/2/11,醫冱穚,201,6360,2638,2896 ,9265 ,2436 ,6868 ,150,3903,1828,3429 ,9126 ,2760 ,6868 
2017/2/12,醫冱穚,175,6446,2751,2585 ,7504 ,2235 ,6079 ,151,4331,1926,4143 ,7785 ,2760 ,6079 
2017/2/13,醫冱穚,240,9285,3638,3458 ,9068 ,2211 ,6548 ,157,5381,2456,4409 ,7059 ,2760 ,6548 
2017/2/14,醫冱穚,243,8743,3462,5550 ,7809 ,3554 ,6444 ,147,5403,2373,2761 ,7313 ,2761 ,6444 
2017/2/15,醫冱穚,259,8935,3639,5822 ,8358 ,2483 ,6513 ,157,5958,2476,3282 ,8163 ,2761 ,6513 
2017/2/16,醫冱穚,220,9353,3706,4169 ,6836 ,3708 ,6351 ,182,5681,2478,3479 ,8506 ,2761 ,6351 
2017/2/17,醫冱穚,236,9396,3738,3562 ,7829 ,2288 ,6753 ,166,5513,2400,3492 ,6718 ,2761 ,6753 
2017/2/18,醫冱穚,209,6999,2750,5927 ,10879 ,3062 ,6733 ,162,4212,1909,6187 ,7772 ,3084 ,6733 
2017/2/19,醫冱穚,193,7128,2886,5162 ,8091 ,3880 ,6084 ,154,4196,1945,6163 ,8781 ,6069 ,6084 
2017/2/20,醫冱穚,213,9177,3681,3125 ,7424 ,2111 ,6625 ,152,5273,2425,3986 ,8555 ,2967 ,6625 
2017/2/21,醫冱穚,240,9093,3686,3580 ,7148 ,3097 ,6684 ,168,5366,2465,5689 ,8786 ,5336 ,6684 
2017/2/22,醫冱穚,245,8945,3607,3639 ,7814 ,3153 ,6589 ,183,5707,2421,5676 ,7521 ,5118 ,6589 
2017/2/23,醫冱穚,260,8851,3503,2776 ,9994 ,2158 ,6707 ,155,5074,2281,3412 ,9585 ,3085 ,6707 
2017/2/24,醫冱穚,218,7666,3155,4147 ,6841 ,3304 ,6380 ,167,4986,2161,4835 ,7847 ,3720 ,6380 
2017/2/25,醫冱穚,214,6449,2547,4865 ,9677 ,3029 ,6638 ,143,3706,1721,2737 ,5141 ,2968 ,6638 
2017/2/26,醫冱穚,208,6076,2559,5655 ,6127 ,3564 ,5366 ,148,3871,1662,3243 ,6265 ,3085 ,5366 
2017/2/27,醫冱穚,203,8150,3354,4728 ,7369 ,3736 ,6349 ,152,5232,2226,3666 ,5769 ,3027 ,6349 
2017/2/28,醫冱穚,230,8800,3534,4737 ,5728 ,3103 ,5157 ,164,5057,2274,2777 ,12473 ,2968 ,5157 
2017/3/1,醫冱穚,257,9471,3507,5084 ,8597 ,4095 ,6808 ,169,5344,2278,3063 ,10933 ,3085 ,6808 
2017/3/2,醫冱穚,259,9009,3471,4594 ,7696 ,3614 ,6534 ,202,5804,2348,3832 ,6533 ,3084 ,6534 
2017/3/3,醫冱穚,315,8900,3239,3628 ,8124 ,3321 ,6427 ,177,5527,2315,3411 ,7695 ,3084 ,6427 
2017/3/4,醫冱穚,202,6809,2634,7542 ,8094 ,2762 ,6721 ,153,4285,1860,3337 ,12210 ,3085 ,6721 
2017/3/5,醫冱穚,248,6808,2667,6094 ,11633 ,3618 ,6818 ,145,3890,1824,3931 ,5991 ,3085 ,6818 
2017/3/6,醫冱穚,258,9833,3423,6465 ,6488 ,3620 ,6276 ,179,5675,2313,3902 ,8269 ,3085 ,6276 
2017/3/7,醫冱穚,340,9515,3374,8797 ,8211 ,4742 ,6652 ,185,5404,2321,4486 ,12904 ,3086 ,6652 
2017/3/8,醫冱穚,226,8279,3092,4159 ,7747 ,3233 ,6419 ,152,5128,2289,2436 ,8517 ,2968 ,6419 
2017/3/9,醫冱穚,264,9437,3346,9203 ,8428 ,6671 ,6796 ,158,5523,2304,3972 ,10326 ,3023 ,6796 
2017/3/10,醫冱穚,256,8374,3267,4787 ,7354 ,3464 ,6346 ,188,5176,2203,7684 ,11256 ,5080 ,6346 
2017/3/11,醫冱穚,233,6582,2575,2561 ,9879 ,2897 ,6845 ,162,4038,1799,6058 ,7617 ,4537 ,6845 
2017/3/12,醫冱穚,213,6722,2655,5173 ,8584 ,4036 ,6875 ,159,4043,1753,1968 ,11716 ,370 ,6875 
2017/3/13,醫冱穚,299,9659,3498,6401 ,9027 ,5938 ,6863 ,168,5481,2299,4100 ,8954 ,3266 ,6863 
2017/3/14,醫冱穚,265,9632,3521,6504 ,10689 ,5084 ,7071 ,177,5622,2279,4944 ,6346 ,3266 ,7071 
2017/3/15,醫冱穚,309,9217,3355,4232 ,10434 ,3652 ,9044 ,178,5271,2289,4002 ,10090 ,3152 ,9044 
2017/3/16,醫冱穚,278,8988,3242,4519 ,8960 ,3452 ,7144 ,156,5765,2292,3610 ,7502 ,3041 ,7144 
2017/3/17,醫冱穚,250,8755,3196,4728 ,7724 ,4758 ,6766 ,176,5259,2156,6091 ,10797 ,4931 ,6766 
2017/3/18,醫冱穚,203,7047,2683,3700 ,6764 ,3419 ,6372 ,150,4309,1803,5235 ,7817 ,3072 ,6372 
2017/3/19,醫冱穚,221,7348,2737,3827 ,12133 ,3249 ,9426 ,164,4043,1757,3934 ,7557 ,2969 ,9426 
2017/3/20,醫冱穚,308,10256,3474,5932 ,8538 ,6274 ,7068 ,158,5668,2374,7245 ,6679 ,3883 ,7068 
2017/3/21,醫冱穚,280,9943,3484,6267 ,10383 ,5984 ,6749 ,185,5721,2256,4328 ,9061 ,3086 ,6749 
2017/3/22,醫冱穚,293,10334,3512,11326 ,10079 ,5424 ,7752 ,160,5882,2248,3926 ,11983 ,2969 ,7752 
2017/3/23,醫冱穚,225,9821,3415,5061 ,7574 ,4557 ,6715 ,177,5352,2191,4626 ,7411 ,2879 ,6715 
2017/3/24,醫冱穚,236,9186,3157,4850 ,9783 ,3251 ,6713 ,166,5118,2037,6691 ,10864 ,6300 ,6713 
2017/3/25,醫冱穚,204,6558,2466,6074 ,12376 ,3421 ,8502 ,159,3975,1633,5901 ,12669 ,3912 ,8502 
2017/3/26,醫冱穚,198,6436,2489,4138 ,6991 ,3252 ,6596 ,148,3746,1644,3606 ,9019 ,3085 ,6596 
2017/3/27,醫冱穚,264,9270,3330,6310 ,8979 ,3418 ,7138 ,177,5209,2187,3632 ,10490 ,2968 ,7138 
2017/3/28,醫冱穚,251,9200,3190,2317 ,8421 ,2188 ,6893 ,182,5707,2258,4741 ,8799 ,3282 ,6893 
2017/3/29,醫冱穚,265,9076,3174,12739 ,8615 ,6574 ,6594 ,176,5667,2240,4207 ,9301 ,3696 ,6594 
2017/3/30,醫冱穚,222,8975,3267,5095 ,8495 ,5094 ,6749 ,165,5546,2219,6820 ,8665 ,6135 ,6749 
2017/3/31,醫冱穚,229,13224,5720,4997 ,7947 ,4475 ,7174 ,166,6462,2891,7704 ,9799 ,8319 ,7174 
2017/4/1,醫冱穚,258,8171,3137,5579 ,8880 ,5712 ,7337 ,149,5496,2065,3547 ,9151 ,3137 ,7337 
2017/4/2,醫冱穚,215,5695,2399,6553 ,8246 ,5858 ,8037 ,157,3683,1630,4208 ,8146 ,3087 ,8037 
2017/4/3,醫冱穚,195,5561,2247,3366 ,7726 ,3175 ,6856 ,141,3629,1619,3064 ,11060 ,2970 ,6856 
2017/4/4,醫冱穚,209,7019,2603,6051 ,12519 ,6267 ,9863 ,141,4387,1882,3933 ,10056 ,3087 ,9863 
2017/4/5,醫冱穚,276,10788,3704,6365 ,9981 ,5838 ,6975 ,158,6052,2439,5525 ,7852 ,3137 ,6975 
2017/4/6,醫冱穚,302,10048,3502,11428 ,12174 ,6267 ,8979 ,158,6375,2493,9030 ,12617 ,3087 ,8979 
2017/4/7,醫冱穚,273,9365,3441,12772 ,8045 ,8908 ,6441 ,185,6175,2373,3899 ,7672 ,3087 ,6441 
2017/4/8,醫冱穚,218,7129,2735,5593 ,8257 ,5508 ,7109 ,157,4471,1905,3665 ,8473 ,2971 ,7109 
2017/4/9,醫冱穚,223,7144,2662,4670 ,8486 ,2958 ,7245 ,132,4173,1823,4810 ,8870 ,4236 ,7245 
2017/4/10,醫冱穚,248,10400,3823,6626 ,8768 ,4310 ,7652 ,178,6290,2607,5683 ,8612 ,5140 ,7652 
2017/4/11,醫冱穚,289,11856,4673,8284 ,8837 ,6281 ,7413 ,170,6745,3075,10957 ,9505 ,5727 ,7413 
2017/4/12,醫冱穚,275,11248,4300,5240 ,9199 ,4238 ,7248 ,169,6979,2906,10887 ,20747 ,5556 ,7248 
2017/4/13,醫冱穚,292,10599,3739,6861 ,9084 ,4297 ,6631 ,184,6552,2509,5107 ,9274 ,2971 ,6631 
2017/4/14,醫冱穚,264,9976,3489,5417 ,9962 ,5424 ,9185 ,171,6015,2309,9866 ,12243 ,8826 ,9185 
2017/4/15,醫冱穚,246,7856,2760,6234 ,9487 ,5482 ,7962 ,166,4610,1887,7980 ,9993 ,7668 ,7962 
2017/4/16,醫冱穚,184,7357,2832,4449 ,9514 ,3316 ,8195 ,157,4148,1861,2225 ,10952 ,325 ,8195 
2017/4/17,醫冱穚,255,10108,3619,5005 ,9433 ,4165 ,7187 ,160,6102,2548,6195 ,10635 ,5371 ,7187 
2017/4/18,醫冱穚,265,10428,3885,6029 ,9135 ,4060 ,7238 ,179,6519,2574,4869 ,10369 ,4653 ,7238 
2017/4/19,醫冱穚,282,9607,3669,5918 ,8597 ,4318 ,6782 ,178,6519,2483,10047 ,12532 ,7694 ,6782 
2017/4/20,醫冱穚,243,9650,3552,9415 ,9377 ,4318 ,7449 ,170,6096,2400,8298 ,7783 ,6498 ,7449 
2017/4/21,醫冱穚,251,7783,3053,6381 ,7907 ,6402 ,7455 ,164,4524,2081,4323 ,8782 ,4194 ,7455 
2017/4/22,醫冱穚,238,7112,2628,9832 ,10402 ,7147 ,7455 ,141,3999,1770,4466 ,8049 ,3531 ,7455 
2017/4/23,醫冱穚,231,7191,2698,4179 ,9105 ,4021 ,8715 ,145,4260,1833,4520 ,11233 ,4194 ,8715 
2017/4/24,醫冱穚,263,10500,3580,3585 ,8523 ,3650 ,7095 ,157,5741,2439,3866 ,9283 ,3599 ,7095 
2017/4/25,醫冱穚,288,10205,3616,15379 ,9766 ,11678 ,7471 ,188,5631,2378,7522 ,13177 ,6755 ,7471 
2017/4/26,醫冱穚,258,9642,3525,6498 ,10495 ,4362 ,10754 ,192,6268,2503,9438 ,10411 ,8130 ,10754 
2017/4/27,醫冱穚,255,9159,3415,6889 ,10245 ,5165 ,7471 ,178,5614,2382,5676 ,11585 ,3961 ,7471 
2017/4/28,醫冱穚,268,8989,3354,6980 ,8974 ,5717 ,7464 ,160,5451,2295,4960 ,12413 ,4140 ,7464 
2017/4/29,醫冱穚,221,6870,2544,6090 ,11040 ,4319 ,8262 ,158,4214,1780,9523 ,8055 ,8794 ,8262 
2017/4/30,醫冱穚,195,6512,2468,9166 ,12394 ,5929 ,9246 ,152,4193,1768,6110 ,10696 ,5428 ,9246 
2017/5/1,醫冱穚,186,6925,2689,11131 ,7986 ,6112 ,7339 ,155,4648,1982,3898 ,9000 ,2422 ,7339 
2017/5/2,醫冱穚,278,11461,3850,9640 ,9373 ,6343 ,7045 ,191,6950,2751,8343 ,9962 ,7944 ,7045 
2017/5/3,醫冱穚,266,11799,3834,6272 ,13005 ,5804 ,7475 ,200,6961,2635,4949 ,11253 ,4420 ,7475 
2017/5/4,醫冱穚,279,10548,3810,6774 ,7930 ,5718 ,7307 ,184,6844,2653,5969 ,14179 ,4420 ,7307 
2017/5/5,醫冱穚,249,8846,3439,8264 ,12506 ,5447 ,7410 ,185,7085,2605,4151 ,7892 ,4177 ,7410 
2017/5/6,醫冱穚,218,6704,2782,5803 ,12701 ,3646 ,10108 ,178,5706,2100,6198 ,8840 ,4891 ,10108 
2017/5/7,醫冱穚,197,6679,2692,12485 ,7410 ,7143 ,7458 ,137,4668,2023,3596 ,18606 ,2569 ,7458 
2017/5/8,醫冱穚,278,9888,3565,8844 ,18702 ,5718 ,8896 ,161,6327,2599,2670 ,10392 ,2507 ,8896 
2017/5/9,醫冱穚,249,10391,3605,6291 ,9455 ,5506 ,8167 ,176,7110,2767,9560 ,7743 ,6137 ,8167 
2017/5/10,醫冱穚,278,10093,3551,6079 ,10346 ,5898 ,7918 ,206,6850,2613,9818 ,12879 ,6450 ,7918 
2017/5/11,醫冱穚,293,9356,3419,7324 ,9932 ,6695 ,7975 ,203,6306,2541,8349 ,12437 ,4623 ,7975 
2017/5/12,醫冱穚,294,8847,3235,5381 ,8155 ,4245 ,6958 ,177,5744,2304,7622 ,12356 ,8893 ,6958 
2017/5/13,醫冱穚,223,6982,2659,6514 ,9567 ,4022 ,8216 ,172,4719,1923,7066 ,14030 ,6355 ,8216 
2017/5/14,醫冱穚,225,6282,2571,7963 ,7959 ,6124 ,7547 ,155,4319,1876,9208 ,8719 ,8056 ,7547 
2017/5/15,醫冱穚,244,9949,3573,6831 ,9465 ,6032 ,9208 ,177,6591,2474,6361 ,10158 ,6355 ,9208 
2017/5/16,醫冱穚,265,9702,3598,6136 ,10169 ,5508 ,7668 ,189,6612,2590,10184 ,11510 ,9352 ,7668 
2017/5/17,醫冱穚,239,9362,3501,7131 ,7635 ,5718 ,6887 ,188,6103,2553,6182 ,8647 ,6850 ,6887 
2017/5/18,醫冱穚,330,10170,3653,8814 ,12492 ,6947 ,8776 ,170,6186,2489,14087 ,9955 ,10467 ,8776 
2017/5/19,醫冱穚,256,9147,3386,7567 ,9831 ,6701 ,8354 ,182,5876,2344,6127 ,7146 ,6048 ,8354 
2017/5/20,醫冱穚,199,6403,2602,4770 ,12910 ,4255 ,7464 ,155,4300,1800,3757 ,8050 ,2144 ,7464 
2017/5/21,醫冱穚,189,6811,2695,4551 ,10717 ,4389 ,7111 ,189,4793,1897,8001 ,17713 ,6755 ,7111 
2017/5/22,醫冱穚,231,9698,3666,11024 ,11350 ,7820 ,8191 ,186,6048,2501,7441 ,13259 ,6449 ,8191 
2017/5/23,醫冱穚,266,10152,3724,11385 ,9297 ,7754 ,7044 ,177,6001,2389,7774 ,18199 ,6048 ,7044 
2017/5/24,醫冱穚,267,9882,3604,8717 ,11615 ,6318 ,7976 ,192,6181,2417,9513 ,10898 ,9898 ,7976 
2017/5/25,醫冱穚,271,9969,3600,8244 ,20249 ,6496 ,11223 ,187,5793,2393,12514 ,32138 ,11601 ,11223 
2017/5/26,醫冱穚,265,9373,3393,7840 ,11026 ,6188 ,8034 ,182,5937,2324,8274 ,12517 ,8892 ,8034 
2017/5/27,醫冱穚,267,8510,3186,8770 ,10793 ,6078 ,8897 ,176,5240,2168,4367 ,8657 ,3389 ,8897 
2017/5/28,醫冱穚,204,6445,2586,6892 ,10997 ,5930 ,7931 ,148,4110,1735,5814 ,11639 ,5144 ,7931 
2017/5/29,醫冱穚,221,6702,2593,7937 ,9086 ,7224 ,7710 ,138,3962,1784,2565 ,16318 ,2565 ,7710 
2017/5/30,醫冱穚,241,6797,2652,9130 ,16025 ,6065 ,12489 ,158,4638,1967,4846 ,12399 ,4149 ,12489 
2017/5/31,醫冱穚,258,10194,3712,7918 ,8772 ,5891 ,6983 ,190,6702,2617,7549 ,10929 ,5633 ,6983 
2017/6/1,醫冱穚,280,9802,3513,10767 ,10802 ,6355 ,7727 ,175,6434,2474,6506 ,9566 ,6353 ,7727 
2017/6/2,醫冱穚,269,9828,3480,9779 ,10617 ,7412 ,7110 ,205,6499,2388,22220 ,8644 ,17754 ,7110 
2017/6/3,醫冱穚,232,7511,2870,11130 ,13063 ,9711 ,10456 ,176,5199,2013,8825 ,8074 ,7662 ,10456 
2017/6/4,醫冱穚,208,7672,2927,7628 ,12672 ,5886 ,7872 ,179,5406,2094,11255 ,10044 ,6450 ,7872 
2017/6/5,醫冱穚,260,10005,3791,9098 ,8573 ,6190 ,7972 ,176,6731,2605,6290 ,7981 ,6266 ,7972 
2017/6/6,醫冱穚,273,10567,3823,7639 ,13287 ,6604 ,8830 ,189,7017,2663,10025 ,9989 ,8889 ,8830 
2017/6/7,醫冱穚,244,9429,3488,6585 ,9620 ,5886 ,8296 ,185,6231,2476,12539 ,8610 ,9195 ,8296 
2017/6/8,醫冱穚,287,10074,3599,7484 ,11650 ,6422 ,8159 ,174,6678,2565,9292 ,9920 ,6450 ,8159 
2017/6/9,醫冱穚,281,9743,3601,8727 ,10071 ,6746 ,7404 ,144,6149,2382,6162 ,7901 ,6090 ,7404 
2017/6/10,醫冱穚,222,7656,3023,5414 ,8223 ,4603 ,8304 ,168,5110,2094,7797 ,12040 ,6954 ,8304 
2017/6/11,醫冱穚,231,7872,3030,4617 ,11948 ,4464 ,9240 ,165,5405,2159,12375 ,16505 ,9977 ,9240 
2017/6/12,醫冱穚,310,11045,4107,6213 ,11674 ,5827 ,8285 ,186,7177,2753,6954 ,9497 ,6954 ,8285 
2017/6/13,醫冱穚,254,10945,3859,9304 ,9932 ,7142 ,8189 ,204,7046,2677,7887 ,14735 ,6579 ,8189 
2017/6/14,醫冱穚,265,10021,3748,7252 ,11667 ,5839 ,9566 ,211,7407,2710,8452 ,11671 ,6756 ,9566 
2017/6/15,醫冱穚,308,10239,3737,8295 ,12903 ,5857 ,10346 ,177,6254,2513,20549 ,9149 ,11823 ,10346 
2017/6/16,醫冱穚,271,9105,3321,7676 ,23480 ,5874 ,12488 ,187,6019,2371,7152 ,13705 ,7152 ,12488 
2017/6/17,醫冱穚,248,7602,2683,6308 ,11937 ,6025 ,9895 ,168,4817,1985,5352 ,9459 ,6846 ,9895 
2017/6/18,醫冱穚,228,6662,2571,5083 ,14701 ,4820 ,10899 ,181,4760,1915,9820 ,9340 ,7319 ,10899 
2017/6/19,醫冱穚,232,9455,3537,9340 ,12263 ,6297 ,9739 ,152,7047,2529,14032 ,10815 ,11349 ,9739 
2017/6/20,醫冱穚,268,10035,3516,8229 ,10952 ,7149 ,8831 ,222,6782,2575,11779 ,12272 ,8835 ,8831 
2017/6/21,醫冱穚,266,11534,3733,7315 ,8957 ,6027 ,8835 ,162,8712,2618,12353 ,10728 ,11935 ,8835 
2017/6/22,醫冱穚,253,9060,3257,6778 ,11153 ,6059 ,8583 ,190,6072,2344,13008 ,13446 ,9477 ,8583 
2017/6/23,醫冱穚,234,8177,2942,10366 ,13810 ,6729 ,9585 ,180,5868,2217,7589 ,9616 ,7152 ,9585 
2017/6/24,醫冱穚,222,7157,2602,8102 ,12590 ,6575 ,9427 ,157,4717,1812,12176 ,11594 ,8457 ,9427 
2017/6/25,醫冱穚,197,6802,2628,5645 ,10035 ,5453 ,8691 ,161,4690,1879,8310 ,13671 ,8021 ,8691 
2017/6/26,醫冱穚,214,9537,3337,6945 ,13860 ,5938 ,13298 ,177,6371,2411,7985 ,12879 ,7269 ,13298 
2017/6/27,醫冱穚,237,8869,3327,9723 ,12616 ,6081 ,9708 ,168,6317,2381,10015 ,14482 ,9164 ,9708 
2017/6/28,醫冱穚,252,9802,3388,9013 ,11255 ,6575 ,9832 ,168,5905,2307,7647 ,10797 ,6954 ,9832 
2017/6/29,醫冱穚,258,8933,3198,8289 ,10983 ,5951 ,9600 ,169,6127,2296,6615 ,13852 ,6446 ,9600 
2017/6/30,醫冱穚,255,9225,3089,5336 ,9640 ,4940 ,9050 ,187,5501,2072,16020 ,12934 ,9348 ,9050 
2017/7/1,醫冱穚,219,7322,2576,7075 ,10788 ,6069 ,7313 ,155,4413,1806,11989 ,9425 ,8354 ,7313 
2017/7/2,醫冱穚,203,7046,2575,6677 ,12763 ,5723 ,9465 ,146,4442,1829,7602 ,9662 ,6446 ,9465 
2017/7/3,醫冱穚,244,10032,3380,6742 ,10757 ,6026 ,8582 ,172,6184,2410,20208 ,10949 ,17679 ,8582 
2017/7/4,醫冱穚,221,9327,3332,4910 ,11568 ,5512 ,9458 ,169,6365,2423,7917 ,11519 ,6846 ,9458 
2017/7/5,醫冱穚,219,9050,3303,6979 ,10321 ,6235 ,9142 ,163,5860,2277,6919 ,13384 ,6846 ,9142 
2017/7/6,醫冱穚,216,8423,3251,9046 ,9238 ,7545 ,8110 ,197,6321,2440,11776 ,13939 ,8889 ,8110 
2017/7/7,醫冱穚,265,8657,3138,4936 ,11930 ,4748 ,9744 ,177,6070,2381,7079 ,18995 ,6500 ,9744 
2017/7/8,醫冱穚,233,7167,2673,9993 ,11704 ,6656 ,10805 ,168,5194,1983,7359 ,19353 ,6846 ,10805 
2017/7/9,醫冱穚,208,6576,2579,8409 ,9568 ,6369 ,9330 ,164,5466,2076,10690 ,15381 ,8889 ,9330 
2017/7/10,醫冱穚,242,9065,3249,7184 ,8817 ,5895 ,7376 ,180,6000,2468,10846 ,16092 ,9654 ,7376 
2017/7/11,醫冱穚,250,9663,3418,6460 ,11259 ,5895 ,9635 ,184,6562,2420,17975 ,15194 ,9042 ,9635 
2017/7/12,醫冱穚,291,10616,3877,6169 ,9674 ,5895 ,9219 ,189,7006,2473,14375 ,8530 ,9477 ,9219 
2017/7/13,醫冱穚,330,9878,3694,8238 ,9395 ,6342 ,7065 ,192,6594,2443,9813 ,11974 ,9578 ,7065 
2017/7/14,醫冱穚,234,8627,3135,10258 ,9991 ,7142 ,9626 ,197,5896,2282,17463 ,19883 ,13641 ,9626 
2017/7/15,醫冱穚,213,7196,2874,13204 ,8821 ,14838 ,7979 ,144,5238,2048,13196 ,8869 ,9348 ,7979 
2017/7/16,醫冱穚,212,6977,2777,5133 ,13826 ,5113 ,9815 ,165,5185,2030,8365 ,11330 ,8727 ,9815 
2017/7/17,醫冱穚,248,8987,3364,7814 ,11177 ,6340 ,9192 ,187,6523,2493,7719 ,17770 ,6351 ,9192 
2017/7/18,醫冱穚,249,8748,3366,8966 ,12354 ,6120 ,10260 ,183,6747,2516,8661 ,13519 ,9033 ,10260 
2017/7/19,醫冱穚,240,8287,3273,7720 ,11476 ,5894 ,9339 ,194,6364,2360,12889 ,12256 ,10797 ,9339 
2017/7/20,醫冱穚,227,8409,3192,9311 ,10495 ,5894 ,8092 ,176,6051,2309,8597 ,12080 ,7867 ,8092 
2017/7/21,醫冱穚,215,7707,3095,6510 ,9504 ,5865 ,6944 ,177,5444,2160,7433 ,14200 ,9042 ,6944 
2017/7/22,醫冱穚,244,6202,2399,8566 ,14621 ,6859 ,10063 ,179,4506,1767,11516 ,11058 ,9033 ,10063 
2017/7/23,醫冱穚,195,5009,1977,7957 ,9421 ,6069 ,7510 ,152,3851,1512,13518 ,11919 ,11347 ,7510 
2017/7/24,醫冱穚,229,8608,3228,6198 ,11633 ,5894 ,8305 ,154,6010,2383,9471 ,12433 ,9195 ,8305 
2017/7/25,醫冱穚,222,8565,3054,8128 ,10730 ,5999 ,10675 ,177,6151,2300,13935 ,12010 ,10059 ,10675 
2017/7/26,醫冱穚,238,7990,3015,9523 ,9837 ,5917 ,8093 ,182,6451,2339,5858 ,9083 ,8889 ,8093 
2017/7/27,醫冱穚,217,7857,3080,9517 ,8719 ,6811 ,6736 ,168,5674,2229,9238 ,9474 ,6901 ,6736 
2017/7/28,醫冱穚,235,8005,3028,6813 ,12591 ,6357 ,9778 ,191,5533,2095,15137 ,9589 ,15938 ,9778 
2017/7/29,醫冱穚,217,5922,2374,7403 ,11206 ,6752 ,8261 ,159,4150,1714,7289 ,10783 ,6489 ,8261 
2017/7/30,醫冱穚,193,5910,2387,5588 ,9868 ,5572 ,8576 ,148,4389,1741,9966 ,10937 ,7151 ,8576 
2017/7/31,醫冱穚,232,8592,3344,6568 ,10133 ,5874 ,6749 ,184,6456,2307,9092 ,12686 ,9041 ,6749 
2017/8/1,醫冱穚,230,8283,3292,7000 ,9841 ,5946 ,7350 ,186,6911,2390,6067 ,10742 ,7668 ,7350 
2017/8/2,醫冱穚,226,8476,3288,6485 ,14179 ,6095 ,7239 ,175,6593,2355,8760 ,10565 ,9192 ,7239 
2017/8/3,醫冱穚,222,8702,3295,7684 ,8651 ,5908 ,7346 ,210,7130,2525,11496 ,8360 ,8886 ,7346 
2017/8/4,醫冱穚,258,6576,2692,6143 ,11578 ,5909 ,9506 ,211,5046,1932,10334 ,9601 ,9784 ,9506 
2017/8/5,醫冱穚,230,10082,3921,8039 ,6709 ,5795 ,6666 ,153,7684,2880,9206 ,14879 ,8017 ,6666 
2017/8/6,醫冱穚,197,6943,2795,6182 ,10828 ,5493 ,7341 ,161,4956,2040,10626 ,10532 ,8886 ,7341 
2017/8/7,醫冱穚,245,8472,3352,6565 ,8292 ,5908 ,6828 ,174,6018,2346,17700 ,14618 ,17700 ,6828 
2017/8/8,醫冱穚,266,6479,2508,6070 ,11754 ,4357 ,9743 ,178,4466,1836,8467 ,9843 ,6845 ,9743 
2017/8/9,醫冱穚,263,9067,3459,8167 ,8252 ,6846 ,6836 ,188,6290,2499,10600 ,9961 ,8888 ,6836 
2017/8/10,醫冱穚,230,8810,3370,6745 ,7290 ,4575 ,5855 ,178,5812,2342,4669 ,12147 ,4579 ,5855 
2017/8/11,醫冱穚,268,7817,3149,6708 ,9792 ,5829 ,7125 ,194,5652,2242,6852 ,18594 ,6951 ,7125 
2017/8/12,醫冱穚,205,6510,2530,7065 ,12034 ,5794 ,10273 ,177,4772,1824,9836 ,14042 ,7053 ,10273 
2017/8/13,醫冱穚,212,5953,2478,7429 ,7916 ,5508 ,6793 ,145,4457,1869,5145 ,12388 ,3143 ,6793 
2017/8/14,醫冱穚,214,7851,3143,5228 ,9010 ,4573 ,7451 ,178,6108,2315,10395 ,8933 ,8885 ,7451 
2017/8/15,醫冱穚,230,8509,3192,5032 ,7566 ,4497 ,6634 ,168,5766,2245,11170 ,8518 ,7148 ,6634 
2017/8/16,醫冱穚,222,7970,3079,5307 ,8416 ,4548 ,6718 ,184,5759,2252,7559 ,7024 ,7148 ,6718 
2017/8/17,醫冱穚,269,8161,3138,6946 ,7778 ,5187 ,6676 ,183,5771,2269,10426 ,7061 ,9192 ,6676 
2017/8/18,醫冱穚,215,7842,3003,5032 ,8901 ,4278 ,6958 ,177,5136,2080,12367 ,6931 ,10056 ,6958 
2017/8/19,醫冱穚,210,5962,2431,4633 ,8134 ,2380 ,6637 ,160,4121,1670,15238 ,12412 ,7149 ,6637 
2017/8/20,醫冱穚,197,5758,2375,4929 ,8325 ,4330 ,6693 ,137,3876,1648,6744 ,9164 ,6897 ,6693 
2017/8/21,醫冱穚,235,7715,3068,4267 ,7221 ,4311 ,6774 ,189,5552,2200,7319 ,13045 ,7149 ,6774 
2017/8/22,醫冱穚,258,8880,3651,5118 ,7929 ,4381 ,6655 ,181,6279,2327,10616 ,9280 ,7206 ,6655 
2017/8/23,醫冱穚,229,8551,3606,4843 ,8299 ,4013 ,6486 ,177,5516,2219,8934 ,12131 ,7175 ,6486 
2017/8/24,醫冱穚,241,7690,3218,4191 ,6704 ,4330 ,6418 ,190,5383,2082,8636 ,9724 ,6788 ,6418 
2017/8/25,醫冱穚,255,7787,3319,7647 ,7238 ,5489 ,6538 ,191,5546,2086,15051 ,10062 ,10803 ,6538 
2017/8/26,醫冱穚,222,6088,2632,4009 ,10649 ,2503 ,7092 ,175,3986,1560,7548 ,8401 ,6594 ,7092 
2017/8/27,醫冱穚,207,7471,3030,3714 ,9748 ,3478 ,7394 ,166,4594,1813,7769 ,8795 ,6842 ,7394 
2017/8/28,醫冱穚,224,8021,3347,4526 ,7542 ,3282 ,6445 ,164,5445,2147,4932 ,9549 ,4578 ,6445 
2017/8/29,醫冱穚,228,7615,3240,4187 ,6665 ,4174 ,6476 ,183,6417,2258,6234 ,8977 ,6842 ,6476 
2017/8/30,醫冱穚,242,7893,2960,4264 ,11661 ,4348 ,6210 ,176,6101,2157,5795 ,8378 ,6288 ,6210 
2017/8/31,醫冱穚,252,7829,2773,4482 ,9247 ,4359 ,6531 ,157,5892,2094,7272 ,7725 ,7147 ,6531 
2017/9/1,醫冱穚,239,7512,2822,3800 ,8116 ,4345 ,6646 ,184,5451,1897,12268 ,7893 ,6486 ,6646 
2017/9/2,醫冱穚,229,6071,2267,3236 ,7967 ,2328 ,6467 ,177,4456,1645,4942 ,7815 ,3869 ,6467 
2017/9/3,醫冱穚,186,5813,2221,4022 ,8378 ,2330 ,6764 ,159,4074,1626,9838 ,8514 ,7147 ,6764 
2017/9/4,醫冱穚,202,7281,2972,4088 ,7924 ,2310 ,5228 ,163,5496,2002,4578 ,9188 ,3115 ,5228 
2017/9/5,醫冱穚,258,8334,3039,3691 ,7833 ,3301 ,6251 ,167,5434,1990,6369 ,8756 ,5730 ,6251 
2017/9/6,醫冱穚,234,7961,3107,4223 ,6932 ,2456 ,5783 ,167,5848,1984,5324 ,7245 ,4713 ,5783 
2017/9/7,醫冱穚,231,7541,2878,3651 ,7722 ,4264 ,6351 ,192,5727,2078,8417 ,10153 ,6142 ,6351 
2017/9/8,醫冱穚,203,7008,2797,5215 ,7097 ,4349 ,6339 ,152,5000,1894,7251 ,9464 ,6026 ,6339 
2017/9/9,醫冱穚,211,4958,2103,5309 ,7328 ,3704 ,6945 ,165,4282,1570,4464 ,7180 ,3138 ,6945 
2017/9/10,醫冱穚,154,4757,2088,3101 ,6471 ,2274 ,5735 ,163,3767,1514,6630 ,16166 ,6868 ,5735 
2017/9/11,醫冱穚,209,7312,2910,5836 ,7125 ,4354 ,6791 ,159,5420,2004,3233 ,9134 ,370 ,6791 
2017/9/12,醫冱穚,220,6909,2861,4592 ,8050 ,4241 ,6600 ,162,5604,2023,5783 ,6902 ,6126 ,6600 
2017/9/13,醫冱穚,218,7344,2965,7821 ,6165 ,4434 ,6469 ,174,5914,2178,9940 ,8945 ,11285 ,6469 
2017/9/14,醫冱穚,229,7337,2769,4983 ,7573 ,3492 ,6507 ,174,5622,2112,15810 ,10215 ,6900 ,6507 
2017/9/15,醫冱穚,247,7214,2604,5462 ,9502 ,3973 ,6747 ,179,5071,1880,6832 ,13310 ,6539 ,6747 
2017/9/16,醫冱穚,201,5545,2112,8192 ,7258 ,7906 ,6513 ,143,4017,1518,7764 ,9530 ,5127 ,6513 
2017/9/17,醫冱穚,183,5415,2147,3790 ,8214 ,3159 ,6984 ,159,3946,1516,6720 ,8189 ,6123 ,6984 
2017/9/18,醫冱穚,224,7605,2801,5559 ,7371 ,4275 ,6414 ,180,5483,2015,9628 ,10716 ,7803 ,6414 
2017/9/19,醫冱穚,249,8099,2915,5577 ,7706 ,4200 ,6560 ,187,5691,2059,5814 ,11292 ,5730 ,6560 
2017/9/20,醫冱穚,195,7171,2723,5571 ,9312 ,4380 ,6634 ,171,5685,2059,7995 ,8709 ,7891 ,6634 
2017/9/21,醫冱穚,229,7593,2792,5249 ,9375 ,4776 ,7026 ,198,5352,1944,4610 ,8075 ,3112 ,7026 
2017/9/22,醫冱穚,196,7520,2798,6491 ,8558 ,5820 ,7007 ,168,5025,1940,6659 ,12275 ,6946 ,7007 
2017/9/23,醫冱穚,175,5347,2175,13009 ,7872 ,6289 ,6584 ,148,3911,1488,4883 ,8184 ,3296 ,6584 
2017/9/24,醫冱穚,185,5357,2179,6642 ,7421 ,5352 ,6754 ,145,3763,1494,8559 ,10338 ,8559 ,6754 
2017/9/25,醫冱穚,197,8286,3214,4554 ,6573 ,4813 ,6420 ,169,5212,1966,4600 ,11895 ,3249 ,6420 
2017/9/26,醫冱穚,231,7949,3166,6208 ,6112 ,5165 ,4828 ,169,5042,1884,16821 ,7671 ,5969 ,4828 
2017/9/27,醫冱穚,220,8012,3112,6012 ,7911 ,4123 ,6654 ,186,5235,1908,7632 ,8469 ,7254 ,6654 
2017/9/28,醫冱穚,212,7976,2985,7505 ,13156 ,6178 ,6976 ,172,5043,1890,6230 ,8716 ,3224 ,6976 
2017/9/29,醫冱穚,204,7741,3099,7234 ,6603 ,4157 ,6560 ,163,4947,1871,7579 ,7769 ,3372 ,6560 
2017/9/30,醫冱穚,212,7696,3009,4473 ,8401 ,3740 ,6891 ,179,4148,1732,5210 ,6648 ,5744 ,6891 
2017/10/1,醫冱穚,199,5721,2142,3832 ,7386 ,2420 ,7031 ,150,3616,1392,6073 ,7716 ,6279 ,7031 
2017/10/2,醫冱穚,177,5486,2172,2363 ,8545 ,2355 ,8409 ,160,3093,1297,3183 ,9432 ,3143 ,8409 
2017/10/3,醫冱穚,166,4649,1992,3617 ,6904 ,3487 ,6739 ,121,2931,1247,3330 ,6078 ,3224 ,6739 
2017/10/4,醫冱穚,155,4278,1743,3766 ,9010 ,2447 ,6956 ,141,2708,1140,3021 ,7635 ,2940 ,6956 
2017/10/5,醫冱穚,170,4842,1982,4003 ,6959 ,3827 ,6679 ,137,3518,1381,4061 ,6403 ,3224 ,6679 
2017/10/6,醫冱穚,171,4876,1985,3395 ,6175 ,2353 ,4846 ,132,3453,1353,4404 ,8316 ,3297 ,4846 
2017/10/7,醫冱穚,184,5109,2046,3539 ,8903 ,2355 ,6767 ,146,3523,1392,2933 ,6382 ,2723 ,6767 
2017/10/8,醫冱穚,186,6083,2288,5216 ,7742 ,3556 ,4006 ,144,3886,1525,3186 ,8249 ,3166 ,4006 
2017/10/9,醫冱穚,205,7849,3167,3492 ,5971 ,2478 ,5895 ,170,5335,1986,3510 ,6859 ,3224 ,5895 
2017/10/10,醫冱穚,219,8090,3195,4406 ,7553 ,3981 ,6589 ,152,4913,1977,3016 ,13708 ,2944 ,6589 
2017/10/11,醫冱穚,218,7993,3075,4382 ,6037 ,3527 ,4718 ,183,5432,2006,5335 ,7682 ,4960 ,4718 
2017/10/12,醫冱穚,236,8508,3010,9624 ,9291 ,6323 ,7296 ,144,5737,2052,5874 ,6544 ,3141 ,7296 
2017/10/13,醫冱穚,217,7595,2904,3782 ,6846 ,3676 ,5175 ,185,5043,1887,7229 ,9661 ,6136 ,5175 
2017/10/14,醫冱穚,206,5956,2150,3598 ,12304 ,3967 ,9443 ,159,4379,1535,4568 ,8572 ,3328 ,9443 
2017/10/15,醫冱穚,195,6153,2280,3127 ,6203 ,2284 ,6531 ,153,4106,1496,4172 ,7939 ,3192 ,6531 
2017/10/16,醫冱穚,217,8131,2981,5114 ,6248 ,4274 ,6144 ,152,5514,2076,5435 ,8716 ,3344 ,6144 
2017/10/17,醫冱穚,204,14499,5016,4617 ,6985 ,4229 ,6461 ,196,5964,2179,5497 ,11564 ,5971 ,6461 
2017/10/18,醫冱穚,238,13720,5028,2973 ,6018 ,2295 ,6266 ,177,6216,2175,5925 ,8061 ,5750 ,6266 
2017/10/19,醫冱穚,236,8739,3162,4566 ,6321 ,4291 ,4563 ,172,6352,2125,5354 ,6687 ,3142 ,4563 
2017/10/20,醫冱穚,211,8586,3241,6593 ,8218 ,4339 ,6536 ,200,6393,2487,6510 ,10487 ,5424 ,6536 
2017/10/21,醫冱穚,192,6393,2519,3986 ,7445 ,2328 ,6650 ,160,4602,1619,4662 ,7254 ,3116 ,6650 
2017/10/22,醫冱穚,187,5801,2197,3343 ,7798 ,2320 ,6576 ,160,4736,1777,6041 ,7474 ,3195 ,6576 
2017/10/23,醫冱穚,240,9042,3099,4863 ,6991 ,3779 ,6438 ,169,6099,2150,4672 ,10665 ,4177 ,6438 
2017/10/24,醫冱穚,226,8972,3069,4269 ,6444 ,3641 ,6420 ,199,6167,2091,6206 ,7400 ,5420 ,6420 
2017/10/25,醫冱穚,240,8664,2949,3327 ,7081 ,2272 ,6315 ,165,6613,2041,3933 ,7535 ,3249 ,6315 
2017/10/26,醫冱穚,269,8681,2921,7835 ,14447 ,4341 ,6359 ,202,6873,2023,5625 ,8809 ,5237 ,6359 
2017/10/27,醫冱穚,253,8461,2910,3394 ,6772 ,2325 ,6197 ,172,6297,1929,5441 ,6826 ,5237 ,6197 
2017/10/28,醫冱穚,216,6714,2254,3305 ,6363 ,2272 ,6008 ,160,5309,1536,3625 ,5490 ,2669 ,6008 
2017/10/29,醫冱穚,172,6134,2080,3253 ,6443 ,2265 ,5908 ,163,5440,1515,5611 ,8055 ,5420 ,5908 
2017/10/30,醫冱穚,240,8206,2794,4249 ,8483 ,3950 ,6482 ,174,6273,2057,4101 ,6848 ,2669 ,6482 
2017/10/31,醫冱穚,250,8232,2787,4357 ,7297 ,3322 ,6481 ,180,6201,1957,9211 ,8261 ,7408 ,6481 
2017/11/1,醫冱穚,247,9150,2930,3119 ,7001 ,2290 ,6389 ,187,6986,2281,3586 ,7585 ,2669 ,6389 
2017/11/2,醫冱穚,231,9645,3524,4267 ,7721 ,4191 ,6310 ,177,6839,2047,4994 ,6335 ,4796 ,6310 
2017/11/3,醫冱穚,239,8517,2683,3918 ,7189 ,3905 ,6303 ,198,6054,1878,4885 ,9503 ,5356 ,6303 
2017/11/4,醫冱穚,204,6567,2056,3752 ,7059 ,3238 ,6670 ,170,5626,2370,7219 ,6664 ,6352 ,6670 
2017/11/5,醫冱穚,204,7236,2032,3827 ,8251 ,2254 ,7147 ,161,4922,1460,4965 ,8174 ,2728 ,7147 
2017/11/6,醫冱穚,250,8349,2678,4489 ,10901 ,4123 ,7203 ,183,6530,2036,5548 ,8179 ,5419 ,7203 
2017/11/7,醫冱穚,220,8333,2664,3882 ,10374 ,4038 ,6385 ,182,7043,2039,5181 ,12026 ,4033 ,6385 
2017/11/8,醫冱穚,222,8412,2523,5009 ,8667 ,4076 ,6516 ,168,6630,1921,5669 ,8526 ,5358 ,6516 
2017/11/9,醫冱穚,227,8015,2385,4234 ,7967 ,2966 ,7042 ,170,5952,1875,7987 ,7263 ,4701 ,7042 
2017/11/10,醫冱穚,247,7139,2305,3825 ,11683 ,2332 ,7519 ,152,5097,1740,4025 ,28917 ,3381 ,7519 
2017/11/11,醫冱穚,216,6031,1869,3029 ,9938 ,2377 ,7547 ,172,5095,1452,2729 ,6613 ,2729 ,7547 
2017/11/12,醫冱穚,187,6390,1907,4907 ,7084 ,4509 ,6355 ,150,5265,1440,6221 ,7998 ,4039 ,6355 
2017/11/13,醫冱穚,219,8472,2592,4941 ,8582 ,4145 ,6764 ,202,6776,1860,4644 ,7466 ,4365 ,6764 
2017/11/14,醫冱穚,251,8754,2617,4323 ,11005 ,2335 ,7779 ,193,6513,1905,6021 ,12299 ,4034 ,7779 
2017/11/15,醫冱穚,240,8268,2439,6578 ,10010 ,6216 ,6840 ,170,6225,1771,3092 ,7667 ,2729 ,6840 
2017/11/16,醫冱穚,209,8459,2652,6338 ,8958 ,4596 ,5818 ,192,5983,1864,3725 ,9336 ,2729 ,5818 
2017/11/17,醫冱穚,224,7935,2570,4789 ,10572 ,4337 ,8756 ,169,5698,1854,4296 ,6585 ,2945 ,8756 
2017/11/18,醫冱穚,217,6486,2122,5752 ,7423 ,4401 ,6512 ,154,4409,1548,4308 ,8036 ,3746 ,6512 
2017/11/19,醫冱穚,177,6078,2053,3704 ,6227 ,3612 ,4324 ,151,4647,1599,4275 ,9907 ,2669 ,4324