d,cityid,persons,quantity,uv
2016/1/1,1,116,243,9127
2016/1/2,1,111,231,9650
2016/1/3,1,82,176,10453
2016/1/4,1,149,292,11204
2016/1/5,1,145,341,11575
2016/1/6,1,157,327,11845
2016/1/7,1,169,417,11294
2016/1/8,1,193,455,10920
2016/1/9,1,149,326,8314
2016/1/10,1,138,307,8398
2016/1/11,1,158,370,10913
2016/1/12,1,171,455,10584
2016/1/13,1,157,393,10186
2016/1/14,1,151,343,9662
2016/1/15,1,153,362,9305
2016/1/16,1,131,325,7739
2016/1/17,1,114,249,7826
2016/1/18,1,133,297,9737
2016/1/19,1,141,328,8955
2016/1/20,1,165,392,9286
2016/1/21,1,112,251,9034
2016/1/22,1,171,361,10487
2016/1/23,1,111,267,9614
2016/1/24,1,122,267,9355
2016/1/25,1,113,262,10731
2016/1/26,1,109,243,10129
2016/1/27,1,145,333,9711
2016/1/28,1,121,293,9762
2016/1/29,1,118,282,9573
2016/1/30,1,121,263,8524
2016/1/31,1,80,193,8312
2016/2/1,1,103,234,9200
2016/2/2,1,128,304,8791
2016/2/3,1,140,356,8692
2016/2/4,1,123,280,8382
2016/2/5,1,113,259,7924
2016/2/6,1,112,298,6947
2016/2/7,1,62,136,4466
2016/2/8,1,57,126,5690
2016/2/9,1,58,131,6394
2016/2/10,1,52,115,6932
2016/2/11,1,52,106,7577
2016/2/12,1,52,111,7641
2016/2/13,1,54,121,8095
2016/2/14,1,72,144,9635
2016/2/15,1,85,200,11053
2016/2/16,1,112,281,11520
2016/2/17,1,113,263,11182
2016/2/18,1,143,349,11116
2016/2/19,1,140,382,10890
2016/2/20,1,118,296,8816
2016/2/21,1,81,233,8658
2016/2/22,1,113,275,10559
2016/2/23,1,126,339,11112
2016/2/24,1,144,342,11170
2016/2/25,1,157,376,11216
2016/2/26,1,122,310,10566
2016/2/27,1,120,307,8686
2016/2/28,1,106,283,8751
2016/2/29,1,132,352,10958
2016/3/1,1,177,408,11215
2016/3/2,1,187,501,11212
2016/3/3,1,126,294,11150
2016/3/4,1,156,410,11130
2016/3/5,1,121,304,10615
2016/3/6,1,100,271,10410
2016/3/7,1,125,363,12147
2016/3/8,1,127,319,10119
2016/3/9,1,120,277,11141
2016/3/10,1,134,332,11023
2016/3/11,1,115,301,10655
2016/3/12,1,108,282,8737
2016/3/13,1,95,258,8722
2016/3/14,1,141,413,11252
2016/3/15,1,154,421,11325
2016/3/16,1,153,380,11225
2016/3/17,1,154,369,11466
2016/3/18,1,138,381,10671
2016/3/19,1,117,305,8235
2016/3/20,1,91,218,8297
2016/3/21,1,148,373,11002
2016/3/22,1,139,373,11232
2016/3/23,1,145,375,11228
2016/3/24,1,128,364,11174
2016/3/25,1,130,324,10451
2016/3/26,1,123,331,8772
2016/3/27,1,133,315,8862
2016/3/28,1,151,407,11736
2016/3/29,1,163,374,11530
2016/3/30,1,140,397,11320
2016/3/31,1,142,331,11478
2016/4/1,1,163,389,11802
2016/4/2,1,136,349,9993
2016/4/3,1,105,275,9393
2016/4/4,1,105,252,10268
2016/4/5,1,147,329,13324
2016/4/6,1,174,456,13216
2016/4/7,1,142,318,13174
2016/4/8,1,168,428,13062
2016/4/9,1,131,291,10348
2016/4/10,1,101,219,9847
2016/4/11,1,163,387,13065
2016/4/12,1,204,480,12813
2016/4/13,1,142,322,13025
2016/4/14,1,145,317,12772
2016/4/15,1,188,437,12165
2016/4/16,1,142,293,10225
2016/4/17,1,101,256,9827
2016/4/18,1,147,380,13041
2016/4/19,1,190,443,13125
2016/4/20,1,188,442,13060
2016/4/21,1,168,425,12703
2016/4/22,1,191,404,12299
2016/4/23,1,117,260,10122
2016/4/24,1,134,326,9875
2016/4/25,1,161,353,13160
2016/4/26,1,179,421,13241
2016/4/27,1,174,413,13113
2016/4/28,1,187,407,12534
2016/4/29,1,193,445,12224
2016/4/30,1,149,329,9520
2016/5/1,1,126,283,9203
2016/5/2,1,133,307,10253
2016/5/3,1,192,441,13892
2016/5/4,1,204,433,14019
2016/5/5,1,197,468,13933
2016/5/6,1,182,429,13033
2016/5/7,1,137,296,10571
2016/5/8,1,124,292,10097
2016/5/9,1,149,353,13949
2016/5/10,1,198,410,13822
2016/5/11,1,218,496,13185
2016/5/12,1,232,573,13564
2016/5/13,1,192,443,12859
2016/5/14,1,128,272,10828
2016/5/15,1,154,366,10386
2016/5/16,1,207,457,13789
2016/5/17,1,226,503,13608
2016/5/18,1,172,411,13364
2016/5/19,1,172,405,12924
2016/5/20,1,193,417,11861
2016/5/21,1,175,415,10198
2016/5/22,1,142,309,10179
2016/5/23,1,153,343,13781
2016/5/24,1,225,488,13901
2016/5/25,1,216,492,12980
2016/5/26,1,160,326,12957
2016/5/27,1,134,314,12718
2016/5/28,1,148,328,10110
2016/5/29,1,127,283,10033
2016/5/30,1,182,391,13359
2016/5/31,1,209,457,12962
2016/6/1,1,156,324,13092
2016/6/2,1,183,395,13708
2016/6/3,1,180,398,12946
2016/6/4,1,159,351,10313
2016/6/5,1,132,267,10605
2016/6/6,1,145,306,13499
2016/6/7,1,164,370,13385
2016/6/8,1,170,340,12694
2016/6/9,1,142,321,10095
2016/6/10,1,122,261,10260
2016/6/11,1,109,247,10593
2016/6/12,1,149,290,13784
2016/6/13,1,136,290,13643
2016/6/14,1,147,322,13667
2016/6/15,1,165,328,13221
2016/6/16,1,185,364,13379
2016/6/17,1,177,360,12730
2016/6/18,1,125,253,10141
2016/6/19,1,109,234,9800
2016/6/20,1,173,383,13178
2016/6/21,1,172,362,13273
2016/6/22,1,153,304,13658
2016/6/23,1,139,321,13219
2016/6/24,1,155,310,11974
2016/6/25,1,122,249,9870
2016/6/26,1,141,273,9906
2016/6/27,1,153,296,12739
2016/6/28,1,164,307,13192
2016/6/29,1,176,357,12991
2016/6/30,1,192,394,12840
2016/7/1,1,133,255,11908
2016/7/2,1,148,297,9687
2016/7/3,1,112,220,9542
2016/7/4,1,138,287,11992
2016/7/5,1,141,268,11997
2016/7/6,1,158,313,12263
2016/7/7,1,167,320,12519
2016/7/8,1,121,213,11356
2016/7/9,1,126,260,9231
2016/7/10,1,84,160,9070
2016/7/11,1,158,316,11957
2016/7/12,1,170,346,12219
2016/7/13,1,186,337,12054
2016/7/14,1,116,215,11952
2016/7/15,1,138,252,11364
2016/7/16,1,113,218,8796
2016/7/17,1,104,205,9119
2016/7/18,1,128,262,12200
2016/7/19,1,152,298,12298
2016/7/20,1,151,302,11301
2016/7/21,1,133,256,11513
2016/7/22,1,166,293,11455
2016/7/23,1,143,262,8998
2016/7/24,1,88,149,8793
2016/7/25,1,131,248,11778
2016/7/26,1,155,291,11576
2016/7/27,1,160,326,11437
2016/7/28,1,135,260,11612
2016/7/29,1,146,277,11130
2016/7/30,1,119,238,9064
2016/7/31,1,84,193,9092
2016/8/1,1,99,219,12266
2016/8/2,1,122,228,12598
2016/8/3,1,146,284,12723
2016/8/4,1,146,261,12295
2016/8/5,1,144,286,11796
2016/8/6,1,127,255,9175
2016/8/7,1,91,225,8809
2016/8/8,1,127,236,11838
2016/8/9,1,134,270,11232
2016/8/10,1,151,323,11764
2016/8/11,1,140,332,11812
2016/8/12,1,161,373,11255
2016/8/13,1,127,257,8291
2016/8/14,1,123,281,7136
2016/8/15,1,161,320,9653
2016/8/16,1,181,396,10551
2016/8/17,1,161,370,7639
2016/8/18,1,173,418,13820
2016/8/19,1,173,395,10262
2016/8/20,1,119,250,8039
2016/8/21,1,130,319,7950
2016/8/22,1,156,346,11422
2016/8/23,1,161,381,11557
2016/8/24,1,142,317,9232
2016/8/25,1,136,321,10898
2016/8/26,1,131,275,10376
2016/8/27,1,92,197,8132
2016/8/28,1,93,199,8295
2016/8/29,1,103,231,11184
2016/8/30,1,155,338,11065
2016/8/31,1,146,362,10933
2016/9/1,1,131,283,10554
2016/9/2,1,151,326,10303
2016/9/3,1,110,275,7838
2016/9/4,1,93,210,8104
2016/9/5,1,151,344,10495
2016/9/6,1,130,293,10268
2016/9/7,1,149,350,9283
2016/9/8,1,147,346,10172
2016/9/9,1,149,368,9468
2016/9/10,1,112,245,7197
2016/9/11,1,99,216,7721
2016/9/12,1,116,250,10255
2016/9/13,1,155,375,9965
2016/9/14,1,169,383,9417
2016/9/15,1,107,257,6868
2016/9/16,1,131,317,7438
2016/9/17,1,100,234,7698
2016/9/18,1,128,293,10678
2016/9/19,1,155,367,10536
2016/9/20,1,154,394,10506
2016/9/21,1,189,458,10087
2016/9/22,1,162,382,10270
2016/9/23,1,155,337,9989
2016/9/24,1,108,256,7276
2016/9/25,1,111,255,7333
2016/9/26,1,175,382,9981
2016/9/27,1,175,398,9861
2016/9/28,1,145,326,9411
2016/9/29,1,118,267,9649
2016/9/30,1,173,424,9114
2016/10/1,1,111,254,6869
2016/10/2,1,86,206,6346
2016/10/3,1,73,155,6265
2016/10/4,1,72,157,6485
2016/10/5,1,65,140,6523
2016/10/6,1,66,134,7093
2016/10/7,1,84,185,8125
2016/10/8,1,92,202,10334
2016/10/9,1,124,287,9652
2016/10/10,1,105,262,9512
2016/10/11,1,102,216,9404
2016/10/12,1,124,308,9314
2016/10/13,1,134,312,9413
2016/10/14,1,133,337,9170
2016/10/15,1,80,181,6899
2016/10/16,1,83,206,6932
2016/10/17,1,117,249,9748
2016/10/18,1,134,311,9989
2016/10/19,1,124,292,9070
2016/10/20,1,147,331,7778
2016/10/21,1,132,287,7106
2016/10/22,1,107,235,5063
2016/10/23,1,93,187,4929
2016/10/24,1,145,325,8036
2016/10/25,1,125,251,9125
2016/10/26,1,141,305,9150
2016/10/27,1,135,303,9555
2016/10/28,1,133,279,9024
2016/10/29,1,89,187,6871
2016/10/30,1,81,159,6704
2016/10/31,1,129,258,8942
2016/11/1,1,128,284,9248
2016/11/2,1,152,326,9283
2016/11/3,1,148,339,9432
2016/11/4,1,113,236,9134
2016/11/5,1,92,220,7150
2016/11/6,1,82,143,7269
2016/11/7,1,118,298,9855
2016/11/8,1,125,255,9666
2016/11/9,1,95,232,8806
2016/11/10,1,124,286,8859
2016/11/11,1,121,246,8554
2016/11/12,1,85,183,6986
2016/11/13,1,62,123,7350
2016/11/14,1,110,202,9822
2016/11/15,1,106,230,9747
2016/11/16,1,145,287,9762
2016/11/17,1,142,324,9905
2016/11/18,1,140,289,9495
2016/11/19,1,76,160,7261
2016/11/20,1,91,202,7568
2016/11/21,1,117,257,10197
2016/11/22,1,104,210,10163
2016/11/23,1,118,229,9979
2016/11/24,1,104,223,9555
2016/11/25,1,106,216,8877
2016/11/26,1,95,197,7230
2016/11/27,1,85,191,7264
2016/11/28,1,102,201,10192
2016/11/29,1,132,277,10438
2016/11/30,1,126,269,10282
2016/12/1,1,133,246,11040
2016/12/2,1,175,353,11184
2016/12/3,1,119,240,8603
2016/12/4,1,102,197,8801
2016/12/5,1,134,241,11630
2016/12/6,1,163,336,11421
2016/12/7,1,162,324,11199
2016/12/8,1,140,286,10987
2016/12/9,1,177,335,10266
2016/12/10,1,129,236,8078
2016/12/11,1,136,313,8183
2016/12/12,1,160,314,10934
2016/12/13,1,165,327,11304
2016/12/14,1,159,344,10893
2016/12/15,1,131,269,10293
2016/12/16,1,163,356,11826
2016/12/17,1,145,309,8597
2016/12/18,1,102,229,8660
2016/12/19,1,165,300,10952
2016/12/20,1,163,366,11210
2016/12/21,1,182,396,10788
2016/12/22,1,161,306,10760
2016/12/23,1,158,297,10097
2016/12/24,1,102,222,7499
2016/12/25,1,95,209,7884
2016/12/26,1,133,263,10687
2016/12/27,1,130,272,10693
2016/12/28,1,134,249,10383
2016/12/29,1,110,256,9953
2016/12/30,1,117,297,9178
2016/12/31,1,98,190,6749
2017/1/1,1,83,151,7693
2017/1/2,1,100,192,8620
2017/1/3,1,148,290,12136
2017/1/4,1,174,320,12194
2017/1/5,1,160,341,11947
2017/1/6,1,200,412,11243
2017/1/7,1,149,314,9381
2017/1/8,1,128,303,9115
2017/1/9,1,166,382,11403
2017/1/10,1,184,381,11104
2017/1/11,1,195,420,10954
2017/1/12,1,177,418,10908
2017/1/13,1,182,362,10502
2017/1/14,1,140,275,8365
2017/1/15,1,129,251,8323
2017/1/16,1,157,353,10162
2017/1/17,1,156,350,10006
2017/1/18,1,162,341,9863
2017/1/19,1,131,304,9912
2017/1/20,1,149,326,9116
2017/1/21,1,118,268,7899
2017/1/22,1,121,258,9523
2017/1/23,1,120,254,9950
2017/1/24,1,140,308,9569
2017/1/25,1,155,355,8990
2017/1/26,1,132,283,7344
2017/1/27,1,62,134,4496
2017/1/28,1,86,161,6273
2017/1/29,1,74,188,6854
2017/1/30,1,85,168,6996
2017/1/31,1,72,175,7542
2017/2/1,1,90,209,7933
2017/2/2,1,96,209,8807
2017/2/3,1,109,247,11514
2017/2/4,1,148,341,11293
2017/2/5,1,88,192,8998
2017/2/6,1,129,263,11924
2017/2/7,1,158,356,12203
2017/2/8,1,151,336,12039
2017/2/9,1,139,319,11748
2017/2/10,1,141,324,10876
2017/2/11,1,106,217,8080
2017/2/12,1,109,257,8306
2017/2/13,1,119,281,11343
2017/2/14,1,145,320,10881
2017/2/15,1,154,360,11264
2017/2/16,1,161,421,11616
2017/2/17,1,131,323,10862
2017/2/18,1,98,217,8419
2017/2/19,1,100,231,8510
2017/2/20,1,108,255,11137
2017/2/21,1,86,211,11107
2017/2/22,1,115,289,11163
2017/2/23,1,125,324,10549
2017/2/24,1,118,288,10130
2017/2/25,1,99,233,7896
2017/2/26,1,102,224,7911
2017/2/27,1,138,321,10283
2017/2/28,1,129,296,11063
2017/3/1,1,128,296,10756
2017/3/2,1,133,338,10920
2017/3/3,1,121,293,10794
2017/3/4,1,131,289,8458
2017/3/5,1,135,332,8393
2017/3/6,1,139,351,11088
2017/3/7,1,143,342,11176
2017/3/8,1,151,361,10421
2017/3/9,1,139,361,10824
2017/3/10,1,114,262,10402
2017/3/11,1,108,319,8339
2017/3/12,1,118,275,8109
2017/3/13,1,154,342,11066
2017/3/14,1,144,333,11373
2017/3/15,1,142,368,10981
2017/3/16,1,159,386,10924
2017/3/17,1,149,339,10620
2017/3/18,1,107,214,8274
2017/3/19,1,98,217,8198
2017/3/20,1,124,264,11331
2017/3/21,1,140,332,11091
2017/3/22,1,145,360,11245
2017/3/23,1,156,351,11136
2017/3/24,1,162,372,10441
2017/3/25,1,118,253,7993
2017/3/26,1,107,264,7831
2017/3/27,1,143,386,11113
2017/3/28,1,184,462,11221
2017/3/29,1,183,450,11363
2017/3/30,1,195,484,11221
2017/3/31,1,182,431,11728
2017/4/1,1,176,443,10293
2017/4/2,1,118,330,7599
2017/4/3,1,148,335,7919
2017/4/4,1,148,325,8766
2017/4/5,1,202,514,12346
2017/4/6,1,223,543,12197
2017/4/7,1,198,469,11517
2017/4/8,1,160,347,8970
2017/4/9,1,151,333,8478
2017/4/10,1,189,445,12592
2017/4/11,1,205,452,15171
2017/4/12,1,167,356,13977
2017/4/13,1,178,453,12528
2017/4/14,1,165,367,11565
2017/4/15,1,131,286,9015
2017/4/16,1,118,289,9084
2017/4/17,1,175,424,12726
2017/4/18,1,213,484,12648
2017/4/19,1,181,409,12421
2017/4/20,1,186,408,12285
2017/4/21,1,199,419,10778
2017/4/22,1,151,295,8871
2017/4/23,1,130,274,9079
2017/4/24,1,192,442,12566
2017/4/25,1,171,371,12572
2017/4/26,1,163,327,12483
2017/4/27,1,207,471,12307
2017/4/28,1,184,427,11852
2017/4/29,1,166,346,8765
2017/4/30,1,118,225,8418
2017/5/1,1,102,233,9143
2017/5/2,1,159,340,13895
2017/5/3,1,183,393,13439
2017/5/4,1,187,374,13494
2017/5/5,1,185,408,12574
2017/5/6,1,179,380,9899
2017/5/7,1,122,257,9442
2017/5/8,1,157,296,12791
2017/5/9,1,179,357,13187
2017/5/10,1,234,482,12887
2017/5/11,1,178,402,12744
2017/5/12,1,192,402,11879
2017/5/13,1,187,385,9187
2017/5/14,1,134,264,8935
2017/5/15,1,172,338,12528
2017/5/16,1,171,320,12703
2017/5/17,1,137,250,12628
2017/5/18,1,181,360,12320
2017/5/19,1,152,307,11774
2017/5/20,1,127,246,8739
2017/5/21,1,126,253,8979
2017/5/22,1,162,335,12586
2017/5/23,1,161,340,12277
2017/5/24,1,174,364,12197
2017/5/25,1,195,387,11721
2017/5/26,1,130,264,11262
2017/5/27,1,126,226,10726
2017/5/28,1,124,252,8332
2017/5/29,1,106,214,8564
2017/5/30,1,107,213,9131
2017/5/31,1,150,323,13021
2017/6/1,1,148,315,12037
2017/6/2,1,139,284,12031
2017/6/3,1,130,291,9469
2017/6/4,1,125,322,9567
2017/6/5,1,158,337,13168
2017/6/6,1,116,244,13106
2017/6/7,1,155,327,12380
2017/6/8,1,142,304,12447
2017/6/9,1,143,288,11764
2017/6/10,1,142,325,10106
2017/6/11,1,102,228,10112
2017/6/12,1,156,340,13359
2017/6/13,1,136,294,13319
2017/6/14,1,154,337,12891
2017/6/15,1,171,382,12257
2017/6/16,1,163,338,11728
2017/6/17,1,137,276,9417
2017/6/18,1,113,213,8998
2017/6/19,1,141,283,12623
2017/6/20,1,159,327,12448
2017/6/21,1,147,307,12529
2017/6/22,1,149,292,11595
2017/6/23,1,141,288,10669
2017/6/24,1,104,171,8345
2017/6/25,1,95,186,8581
2017/6/26,1,101,172,11614
2017/6/27,1,109,192,11401
2017/6/28,1,133,248,11277
2017/6/29,1,133,244,11230
2017/6/30,1,139,292,10525
2017/7/1,1,111,254,8742
2017/7/2,1,111,232,8788
2017/7/3,1,129,274,11924
2017/7/4,1,137,269,11567
2017/7/5,1,139,280,11403
2017/7/6,1,122,238,11804
2017/7/7,1,133,290,11294
2017/7/8,1,142,269,9319
2017/7/9,1,97,193,9221
2017/7/10,1,130,240,11854
2017/7/11,1,163,359,11813
2017/7/12,1,158,348,11605
2017/7/13,1,156,284,11189
2017/7/14,1,163,320,10943
2017/7/15,1,128,247,9377
2017/7/16,1,112,235,9178
2017/7/17,1,124,239,11835
2017/7/18,1,143,301,11795
2017/7/19,1,133,264,11280
2017/7/20,1,135,272,10799
2017/7/21,1,125,261,10179
2017/7/22,1,111,258,8110
2017/7/23,1,114,242,6802
2017/7/24,1,107,215,11266
2017/7/25,1,97,181,10879
2017/7/26,1,165,336,10606
2017/7/27,1,116,204,10378
2017/7/28,1,145,289,10113
2017/7/29,1,119,248,8032
2017/7/30,1,87,156,8081
2017/7/31,1,143,294,11132
2017/8/1,1,135,255,11368
2017/8/2,1,154,275,11209
2017/8/3,1,162,357,11301
2017/8/4,1,111,222,8822
2017/8/5,1,111,222,13006
2017/8/6,1,106,206,9293
2017/8/7,1,115,223,11533
2017/8/8,1,127,261,8752
2017/8/9,1,156,296,11626
2017/8/10,1,128,250,11459
2017/8/11,1,132,256,10774
2017/8/12,1,115,219,8899
2017/8/13,1,82,185,8804
2017/8/14,1,110,201,11573
2017/8/15,1,111,206,11589
2017/8/16,1,171,363,11291
2017/8/17,1,108,213,11021
2017/8/18,1,157,273,10425
2017/8/19,1,96,159,8083
2017/8/20,1,106,212,8158
2017/8/21,1,115,236,10466
2017/8/22,1,165,305,10942
2017/8/23,1,155,304,10557
2017/8/24,1,126,257,9761
2017/8/25,1,158,316,9748
2017/8/26,1,109,215,7678
2017/8/27,1,114,217,8068
2017/8/28,1,129,261,9737
2017/8/29,1,158,392,10838
2017/8/30,1,142,295,10340
2017/8/31,1,167,410,10199
2017/9/1,1,179,354,9473
2017/9/2,1,139,295,7505
2017/9/3,1,103,199,7563
2017/9/4,1,133,277,9438
2017/9/5,1,119,244,9770
2017/9/6,1,130,285,9457
2017/9/7,1,135,296,9582
2017/9/8,1,122,250,9032
2017/9/9,1,105,219,7089
2017/9/10,1,95,188,7034
2017/9/11,1,114,261,9528
2017/9/12,1,137,305,9308
2017/9/13,1,147,320,9339
2017/9/14,1,117,245,9406
2017/9/15,1,128,285,8770
2017/9/16,1,71,172,6831
2017/9/17,1,116,264,6959
2017/9/18,1,126,282,9383
2017/9/19,1,151,345,9577
2017/9/20,1,146,328,9314
2017/9/21,1,152,348,9093
2017/9/22,1,162,347,8862
2017/9/23,1,93,224,6628
2017/9/24,1,73,140,6803
2017/9/25,1,136,284,8908
2017/9/26,1,144,316,8964
2017/9/27,1,131,270,8664
2017/9/28,1,143,314,8352
2017/9/29,1,173,393,8354
2017/9/30,1,124,264,7801
2017/10/1,1,102,205,5993
2017/10/2,1,98,199,5805
2017/10/3,1,75,170,5540
2017/10/4,1,71,158,5027
2017/10/5,1,74,160,5622
2017/10/6,1,81,214,6039
2017/10/7,1,92,233,6031
2017/10/8,1,91,170,6803
2017/10/9,1,132,276,9060
2017/10/10,1,131,303,9404
2017/10/11,1,108,222,8974
2017/10/12,1,123,293,9079
2017/10/13,1,138,340,8530
2017/10/14,1,89,196,6492
2017/10/15,1,98,225,6508
2017/10/16,1,130,309,9435
2017/10/17,1,144,303,9430
2017/10/18,1,138,298,9137
2017/10/19,1,153,355,9715
2017/10/20,1,138,340,10977
2017/10/21,1,105,233,8127
2017/10/22,1,129,324,8336
2017/10/23,1,147,320,11227
2017/10/24,1,185,439,10311
2017/10/25,1,208,480,9368
2017/10/26,1,195,491,9140
2017/10/27,1,193,455,8713
2017/10/28,1,155,366,6888
2017/10/29,1,139,348,6479
2017/10/30,1,207,486,11194
2017/10/31,1,209,507,9264
2017/11/1,1,192,428,10508
2017/11/2,1,230,531,10247
2017/11/3,1,169,396,13000
2017/11/4,1,173,407,9568
2017/11/5,1,135,353,6732
2017/11/6,1,182,448,10211
2017/11/7,1,177,455,11579
2017/11/8,1,164,398,10591
2017/11/9,1,145,317,9624
2017/11/10,1,126,301,7698
2017/11/11,1,116,279,6236
2017/11/12,1,135,369,6886
2017/11/13,1,149,338,8900
2017/11/14,1,172,431,8831
2017/11/15,1,154,339,8064
2017/11/16,1,145,335,8759
2017/11/17,1,143,290,8660
2017/11/18,1,133,314,7000
2017/11/19,1,132,304,7139
2017/11/20,1,170,375,9037
2017/11/21,1,153,346,9792
2017/11/22,1,176,419,8671
2017/11/23,1,119,222,9875
2017/11/24,1,116,247,7927
2017/11/25,1,100,227,7589
2017/11/26,1,100,216,6793
2017/11/27,1,123,267,8999
2017/11/28,1,147,306,8475
2017/11/29,1,161,377,9275
2017/11/30,1,148,309,10282
2017/12/1,1,137,299,11119
2017/12/2,1,119,273,7827
2017/12/3,1,110,268,7937
2017/12/4,1,138,317,10411
2017/12/5,1,158,361,10307
2017/12/6,1,147,281,10626
2017/12/7,1,132,273,11530
2017/12/8,1,155,367,14097
2017/12/9,1,139,345,9895
2017/12/10,1,122,287,7789
2017/12/11,1,118,238,11631
2017/12/12,1,140,282,12878
2017/12/13,1,148,325,9919
2017/12/14,1,141,317,10261
2017/12/15,1,146,325,8742
2017/12/16,1,120,275,7761
2017/12/17,1,115,269,7755
2017/12/18,1,156,323,10443
2017/12/19,1,161,385,13161
2017/12/20,1,132,257,12190
2017/12/21,1,142,300,9034
2017/12/22,1,134,269,10335
2017/12/23,1,117,269,8628
2017/12/24,1,95,215,7773
2017/12/25,1,112,251,9972
2017/12/26,1,128,257,11352
2017/12/27,1,132,281,11053
2017/12/28,1,129,303,9876
2017/12/29,1,137,250,9225
2017/12/30,1,109,222,8295
2017/12/31,1,83,153,6947
2016/1/1,3,49,110,5122
2016/1/2,3,49,135,6048
2016/1/3,3,36,68,6206
2016/1/4,3,78,185,7036
2016/1/5,3,81,203,7574
2016/1/6,3,99,242,7718
2016/1/7,3,88,231,7050
2016/1/8,3,106,236,6795
2016/1/9,3,80,182,5300
2016/1/10,3,80,195,5249
2016/1/11,3,104,211,6786
2016/1/12,3,101,232,6544
2016/1/13,3,66,173,6255
2016/1/14,3,84,189,6133
2016/1/15,3,75,200,5904
2016/1/16,3,59,133,5114
2016/1/17,3,61,162,4942
2016/1/18,3,84,188,6029
2016/1/19,3,92,207,5483
2016/1/20,3,72,195,5579
2016/1/21,3,62,147,5739
2016/1/22,3,90,239,6540
2016/1/23,3,69,153,5843
2016/1/24,3,48,97,5248
2016/1/25,3,68,183,5956
2016/1/26,3,59,134,5877
2016/1/27,3,69,176,6249
2016/1/28,3,64,148,6204
2016/1/29,3,73,204,6049
2016/1/30,3,78,214,5451
2016/1/31,3,64,175,5165
2016/2/1,3,67,178,6175
2016/2/2,3,60,164,5806
2016/2/3,3,64,192,5746
2016/2/4,3,68,157,5289
2016/2/5,3,57,143,4850
2016/2/6,3,39,92,4207
2016/2/7,3,29,70,2803
2016/2/8,3,27,80,3483
2016/2/9,3,47,115,3994
2016/2/10,3,29,62,4355
2016/2/11,3,32,75,4750
2016/2/12,3,31,90,4856
2016/2/13,3,32,77,5107
2016/2/14,3,43,118,5594
2016/2/15,3,60,182,6871
2016/2/16,3,58,153,7208
2016/2/17,3,65,169,7242
2016/2/18,3,65,177,7582
2016/2/19,3,65,194,7201
2016/2/20,3,39,98,5814
2016/2/21,3,46,118,5691
2016/2/22,3,62,169,7024
2016/2/23,3,73,175,7603
2016/2/24,3,79,233,7667
2016/2/25,3,66,150,7620
2016/2/26,3,74,206,7042
2016/2/27,3,46,104,6149
2016/2/28,3,47,141,6054
2016/2/29,3,68,166,7566
2016/3/1,3,88,257,7506
2016/3/2,3,80,221,7470
2016/3/3,3,69,187,7501
2016/3/4,3,57,143,7253
2016/3/5,3,56,145,6321
2016/3/6,3,65,167,6407
2016/3/7,3,68,195,7689
2016/3/8,3,89,201,7020
2016/3/9,3,65,157,7786
2016/3/10,3,77,212,7430
2016/3/11,3,49,129,7063
2016/3/12,3,65,178,6083
2016/3/13,3,46,118,6069
2016/3/14,3,66,177,7663
2016/3/15,3,88,239,7658
2016/3/16,3,95,263,7892
2016/3/17,3,88,219,7908
2016/3/18,3,73,193,7382
2016/3/19,3,55,132,6173
2016/3/20,3,42,94,6066
2016/3/21,3,72,202,7937
2016/3/22,3,86,211,7836
2016/3/23,3,94,231,8017
2016/3/24,3,62,153,8060
2016/3/25,3,52,123,7283
2016/3/26,3,60,150,5992
2016/3/27,3,43,112,5939
2016/3/28,3,70,202,8234
2016/3/29,3,131,347,8224
2016/3/30,3,91,223,8109
2016/3/31,3,115,301,8252
2016/4/1,3,97,275,8448
2016/4/2,3,63,177,6918
2016/4/3,3,67,209,6655
2016/4/4,3,74,198,7291
2016/4/5,3,91,216,9355
2016/4/6,3,87,221,9336
2016/4/7,3,105,284,9577
2016/4/8,3,92,215,9075
2016/4/9,3,95,268,7949
2016/4/10,3,95,233,7664
2016/4/11,3,90,223,9040
2016/4/12,3,99,271,9402
2016/4/13,3,113,280,9599
2016/4/14,3,107,283,9504
2016/4/15,3,115,314,8927
2016/4/16,3,88,216,7426
2016/4/17,3,92,258,7723
2016/4/18,3,141,391,9148
2016/4/19,3,116,279,9858
2016/4/20,3,126,346,9925
2016/4/21,3,106,280,9551
2016/4/22,3,143,353,8981
2016/4/23,3,84,196,8019
2016/4/24,3,94,277,7648
2016/4/25,3,123,304,9620
2016/4/26,3,118,309,9898
2016/4/27,3,130,311,9659
2016/4/28,3,105,264,9107
2016/4/29,3,115,316,8640
2016/4/30,3,86,183,7189
2016/5/1,3,65,128,6814
2016/5/2,3,75,182,7519
2016/5/3,3,113,312,9679
2016/5/4,3,218,410,11813
2016/5/5,3,111,280,10131
2016/5/6,3,133,324,9364
2016/5/7,3,107,273,7799
2016/5/8,3,100,247,7461
2016/5/9,3,124,285,9766
2016/5/10,3,127,292,9777
2016/5/11,3,126,352,9608
2016/5/12,3,107,235,9596
2016/5/13,3,119,289,9007
2016/5/14,3,90,264,7775
2016/5/15,3,89,224,7610
2016/5/16,3,124,306,9576
2016/5/17,3,131,331,9957
2016/5/18,3,153,313,9703
2016/5/19,3,131,333,9433
2016/5/20,3,135,373,9225
2016/5/21,3,76,236,8016
2016/5/22,3,83,201,7861
2016/5/23,3,110,270,10045
2016/5/24,3,75,188,9957
2016/5/25,3,121,305,9973
2016/5/26,3,183,367,9374
2016/5/27,3,101,231,9304
2016/5/28,3,97,212,7875
2016/5/29,3,74,179,7732
2016/5/30,3,93,207,9558
2016/5/31,3,103,235,9054
2016/6/1,3,98,235,9092
2016/6/2,3,81,187,9703
2016/6/3,3,114,277,9615
2016/6/4,3,80,192,8005
2016/6/5,3,84,196,8013
2016/6/6,3,90,210,9995
2016/6/7,3,130,311,9649
2016/6/8,3,120,290,9331
2016/6/9,3,96,222,7683
2016/6/10,3,73,163,7828
2016/6/11,3,94,218,7978
2016/6/12,3,111,260,9974
2016/6/13,3,104,220,9874
2016/6/14,3,126,303,9989
2016/6/15,3,144,326,9812
2016/6/16,3,106,297,9990
2016/6/17,3,121,278,9523
2016/6/18,3,96,232,7725
2016/6/19,3,73,163,7550
2016/6/20,3,108,264,9865
2016/6/21,3,134,335,10049
2016/6/22,3,116,247,9645
2016/6/23,3,130,281,9539
2016/6/24,3,108,252,8942
2016/6/25,3,117,259,7581
2016/6/26,3,98,224,7331
2016/6/27,3,114,244,9386
2016/6/28,3,145,329,9816
2016/6/29,3,129,285,9650
2016/6/30,3,110,235,9345
2016/7/1,3,127,273,8815
2016/7/2,3,112,258,7283
2016/7/3,3,93,214,7159
2016/7/4,3,101,220,8948
2016/7/5,3,112,240,8643
2016/7/6,3,107,234,8936
2016/7/7,3,114,282,8961
2016/7/8,3,123,266,8393
2016/7/9,3,108,234,6881
2016/7/10,3,90,192,6626
2016/7/11,3,131,283,8680
2016/7/12,3,105,215,8844
2016/7/13,3,126,289,8804
2016/7/14,3,93,204,9119
2016/7/15,3,121,273,9011
2016/7/16,3,122,283,7243
2016/7/17,3,92,202,6770
2016/7/18,3,109,262,9121
2016/7/19,3,137,318,9256
2016/7/20,3,116,269,9191
2016/7/21,3,117,260,8916
2016/7/22,3,115,254,8717
2016/7/23,3,119,266,7102
2016/7/24,3,89,188,6749
2016/7/25,3,124,283,8787
2016/7/26,3,112,248,8854
2016/7/27,3,99,218,8628
2016/7/28,3,111,244,8870
2016/7/29,3,96,231,8486
2016/7/30,3,80,184,6974
2016/7/31,3,94,235,6667
2016/8/1,3,101,227,8554
2016/8/2,3,127,288,8578
2016/8/3,3,108,230,8940
2016/8/4,3,99,213,8785
2016/8/5,3,113,247,8537
2016/8/6,3,76,144,6864
2016/8/7,3,59,124,6473
2016/8/8,3,86,214,8025
2016/8/9,3,84,182,7778
2016/8/10,3,129,306,8360
2016/8/11,3,102,230,8266
2016/8/12,3,103,250,7992
2016/8/13,3,72,173,5911
2016/8/14,3,74,157,4958
2016/8/15,3,130,257,6652
2016/8/16,3,114,257,7234
2016/8/17,3,127,296,5491
2016/8/18,3,99,235,10266
2016/8/19,3,122,286,7273
2016/8/20,3,96,205,5922
2016/8/21,3,63,149,5725
2016/8/22,3,100,257,7873
2016/8/23,3,109,263,7862
2016/8/24,3,108,286,6329
2016/8/25,3,107,258,7867
2016/8/26,3,97,209,7509
2016/8/27,3,100,243,6008
2016/8/28,3,76,171,6392
2016/8/29,3,96,258,7733
2016/8/30,3,133,299,7575
2016/8/31,3,116,260,7777
2016/9/1,3,94,219,7545
2016/9/2,3,108,279,7058
2016/9/3,3,104,238,5868
2016/9/4,3,72,181,5794
2016/9/5,3,106,253,7442
2016/9/6,3,123,301,7214
2016/9/7,3,99,233,6705
2016/9/8,3,89,239,7248
2016/9/9,3,103,303,6911
2016/9/10,3,89,229,5336
2016/9/11,3,72,198,5470
2016/9/12,3,97,235,6698
2016/9/13,3,115,336,7050
2016/9/14,3,91,208,6634
2016/9/15,3,87,198,4768
2016/9/16,3,88,223,5384
2016/9/17,3,84,195,5628
2016/9/18,3,98,226,6962
2016/9/19,3,103,275,7231
2016/9/20,3,115,287,7501
2016/9/21,3,103,243,7067
2016/9/22,3,103,269,6980
2016/9/23,3,114,299,6639
2016/9/24,3,97,241,5438
2016/9/25,3,79,200,5458
2016/9/26,3,97,234,7233
2016/9/27,3,103,257,7455
2016/9/28,3,109,264,7049
2016/9/29,3,106,249,6862
2016/9/30,3,138,393,6500
2016/10/1,3,115,322,5846
2016/10/2,3,81,190,5018
2016/10/3,3,63,138,5001
2016/10/4,3,53,122,5049
2016/10/5,3,56,149,5141
2016/10/6,3,63,165,5357
2016/10/7,3,58,152,5845
2016/10/8,3,82,187,7244
2016/10/9,3,70,174,6706
2016/10/10,3,75,188,6592
2016/10/11,3,100,229,6595
2016/10/12,3,96,226,6477
2016/10/13,3,101,289,6432
2016/10/14,3,73,184,6384
2016/10/15,3,62,154,5092
2016/10/16,3,77,157,5057
2016/10/17,3,87,224,7168
2016/10/18,3,102,245,7683
2016/10/19,3,97,241,6504
2016/10/20,3,109,246,5373
2016/10/21,3,87,209,5211
2016/10/22,3,69,175,4025
2016/10/23,3,73,191,3782
2016/10/24,3,91,203,5574
2016/10/25,3,92,253,6574
2016/10/26,3,114,281,6687
2016/10/27,3,94,245,6605
2016/10/28,3,111,311,6582
2016/10/29,3,102,258,5218
2016/10/30,3,61,125,5039
2016/10/31,3,118,286,6486
2016/11/1,3,107,286,6635
2016/11/2,3,104,236,6659
2016/11/3,3,125,336,6457
2016/11/4,3,106,254,7032
2016/11/5,3,94,240,5275
2016/11/6,3,85,211,4998
2016/11/7,3,99,230,6954
2016/11/8,3,113,246,6787
2016/11/9,3,125,310,6212
2016/11/10,3,115,293,6021
2016/11/11,3,115,299,6046
2016/11/12,3,96,259,5265
2016/11/13,3,75,183,5091
2016/11/14,3,122,311,6800
2016/11/15,3,114,294,6849
2016/11/16,3,115,271,6884
2016/11/17,3,95,219,6556
2016/11/18,3,132,293,6298
2016/11/19,3,86,206,5008
2016/11/20,3,59,152,5156
2016/11/21,3,123,296,7027
2016/11/22,3,132,291,7267
2016/11/23,3,129,312,6788
2016/11/24,3,99,229,6297
2016/11/25,3,91,200,6159
2016/11/26,3,72,153,4768
2016/11/27,3,61,161,4545
2016/11/28,3,86,211,6532
2016/11/29,3,90,213,6855
2016/11/30,3,97,199,6833
2016/12/1,3,104,235,6855
2016/12/2,3,104,216,7044
2016/12/3,3,113,259,5569
2016/12/4,3,85,216,5597
2016/12/5,3,104,242,7947
2016/12/6,3,132,300,8124
2016/12/7,3,135,324,7697
2016/12/8,3,120,296,7243
2016/12/9,3,128,326,7209
2016/12/10,3,109,240,5479
2016/12/11,3,82,207,5589
2016/12/12,3,116,271,7304
2016/12/13,3,155,336,7924
2016/12/14,3,164,393,7822
2016/12/15,3,141,345,7327
2016/12/16,3,128,278,8010
2016/12/17,3,107,219,5704
2016/12/18,3,105,239,5457
2016/12/19,3,165,360,7712
2016/12/20,3,153,334,7901
2016/12/21,3,179,429,7573
2016/12/22,3,118,264,7792
2016/12/23,3,140,293,7312
2016/12/24,3,82,167,5459
2016/12/25,3,104,220,5506
2016/12/26,3,129,310,7564
2016/12/27,3,150,303,7739
2016/12/28,3,144,304,7360
2016/12/29,3,146,320,7164
2016/12/30,3,115,319,6764
2016/12/31,3,107,262,5172
2017/1/1,3,100,197,5162
2017/1/2,3,99,193,6550
2017/1/3,3,140,308,8861
2017/1/4,3,145,315,8953
2017/1/5,3,174,385,9785
2017/1/6,3,140,359,8187
2017/1/7,3,141,327,6890
2017/1/8,3,102,251,6627
2017/1/9,3,97,227,8011
2017/1/10,3,121,287,8329
2017/1/11,3,132,318,7894
2017/1/12,3,134,315,7863
2017/1/13,3,116,272,7317
2017/1/14,3,132,345,6114
2017/1/15,3,102,242,5820
2017/1/16,3,112,276,7048
2017/1/17,3,116,266,7244
2017/1/18,3,114,262,7171
2017/1/19,3,113,283,7120
2017/1/20,3,132,303,6507
2017/1/21,3,114,250,5814
2017/1/22,3,81,191,6661
2017/1/23,3,83,187,6938
2017/1/24,3,137,317,6711
2017/1/25,3,85,216,6289
2017/1/26,3,96,202,5260
2017/1/27,3,56,145,3536
2017/1/28,3,48,124,4397
2017/1/29,3,44,97,4978
2017/1/30,3,49,119,5248
2017/1/31,3,70,168,5396
2017/2/1,3,59,139,5727
2017/2/2,3,61,141,6144
2017/2/3,3,80,198,7197
2017/2/4,3,74,174,7862
2017/2/5,3,78,199,7005
2017/2/6,3,83,212,8586
2017/2/7,3,125,340,9005
2017/2/8,3,134,371,8812
2017/2/9,3,117,305,8399
2017/2/10,3,124,324,7867
2017/2/11,3,98,272,6007
2017/2/12,3,88,231,5929
2017/2/13,3,114,305,8147
2017/2/14,3,137,403,7942
2017/2/15,3,125,297,8373
2017/2/16,3,142,370,8941
2017/2/17,3,125,308,8589
2017/2/18,3,114,344,6948
2017/2/19,3,95,276,6610
2017/2/20,3,116,367,8733
2017/2/21,3,144,368,8584
2017/2/22,3,128,341,8833
2017/2/23,3,137,356,8072
2017/2/24,3,128,352,7346
2017/2/25,3,93,255,6078
2017/2/26,3,90,218,5784
2017/2/27,3,95,239,7955
2017/2/28,3,127,375,8283
2017/3/1,3,126,341,8084
2017/3/2,3,116,302,7941
2017/3/3,3,133,336,7828
2017/3/4,3,127,333,6450
2017/3/5,3,102,249,6338
2017/3/6,3,122,348,8308
2017/3/7,3,142,412,8261
2017/3/8,3,154,461,7436
2017/3/9,3,162,426,8028
2017/3/10,3,152,395,8013
2017/3/11,3,115,318,6542
2017/3/12,3,118,326,6399
2017/3/13,3,155,401,8701
2017/3/14,3,151,409,9063
2017/3/15,3,146,365,8333
2017/3/16,3,142,385,8246
2017/3/17,3,165,448,7967
2017/3/18,3,108,307,6537
2017/3/19,3,89,223,6486
2017/3/20,3,146,382,8394
2017/3/21,3,149,411,8455
2017/3/22,3,166,433,8576
2017/3/23,3,160,387,8227
2017/3/24,3,171,451,7778
2017/3/25,3,116,293,6272
2017/3/26,3,84,208,6060
2017/3/27,3,146,340,8550
2017/3/28,3,137,361,8574
2017/3/29,3,172,443,8328
2017/3/30,3,150,381,8336
2017/3/31,3,131,316,8974
2017/4/1,3,134,366,7774
2017/4/2,3,95,239,6001
2017/4/3,3,107,276,6302
2017/4/4,3,115,310,6736
2017/4/5,3,150,377,9368
2017/4/6,3,165,403,9466
2017/4/7,3,164,375,9064
2017/4/8,3,138,347,7362
2017/4/9,3,125,326,6960
2017/4/10,3,126,351,9825
2017/4/11,3,149,344,11146
2017/4/12,3,142,310,10340
2017/4/13,3,153,393,9418
2017/4/14,3,155,380,8805
2017/4/15,3,121,294,7285
2017/4/16,3,138,322,7253
2017/4/17,3,129,321,9526
2017/4/18,3,172,437,9792
2017/4/19,3,162,382,9202
2017/4/20,3,135,351,9294
2017/4/21,3,151,355,7987
2017/4/22,3,111,239,7067
2017/4/23,3,125,296,7186
2017/4/24,3,128,322,9460
2017/4/25,3,161,379,9428
2017/4/26,3,115,258,9237
2017/4/27,3,164,348,9454
2017/4/28,3,151,364,9319
2017/4/29,3,131,333,7118
2017/4/30,3,95,222,6565
2017/5/1,3,110,226,7348
2017/5/2,3,168,373,10345
2017/5/3,3,137,316,10295
2017/5/4,3,186,431,10233
2017/5/5,3,141,332,9448
2017/5/6,3,152,348,7663
2017/5/7,3,90,240,7520
2017/5/8,3,134,307,9639
2017/5/9,3,154,333,9804
2017/5/10,3,176,441,9580
2017/5/11,3,160,341,9489
2017/5/12,3,128,280,8849
2017/5/13,3,134,312,7409
2017/5/14,3,125,315,6615
2017/5/15,3,149,319,9291
2017/5/16,3,178,412,9749
2017/5/17,3,186,397,9602
2017/5/18,3,193,460,9388
2017/5/19,3,164,377,9035
2017/5/20,3,124,270,7114
2017/5/21,3,127,262,7385
2017/5/22,3,129,291,9873
2017/5/23,3,134,336,9644
2017/5/24,3,160,409,9659
2017/5/25,3,122,306,9278
2017/5/26,3,159,384,8942
2017/5/27,3,133,286,8539
2017/5/28,3,120,282,6835
2017/5/29,3,104,242,6862
2017/5/30,3,92,227,7083
2017/5/31,3,120,277,9851
2017/6/1,3,118,269,9468
2017/6/2,3,117,280,9574
2017/6/3,3,85,203,7899
2017/6/4,3,97,256,7896
2017/6/5,3,108,262,9955
2017/6/6,3,161,362,10002
2017/6/7,3,119,294,9758
2017/6/8,3,135,340,9748
2017/6/9,3,139,334,9585
2017/6/10,3,94,234,7970
2017/6/11,3,74,155,7863
2017/6/12,3,135,323,10220
2017/6/13,3,106,267,10083
2017/6/14,3,156,393,10086
2017/6/15,3,121,257,9704
2017/6/16,3,131,320,9214
2017/6/17,3,112,287,7801
2017/6/18,3,80,177,7289
2017/6/19,3,133,306,9985
2017/6/20,3,138,302,9914
2017/6/21,3,127,295,10273
2017/6/22,3,152,321,9019
2017/6/23,3,122,283,8465
2017/6/24,3,121,259,7138
2017/6/25,3,104,224,6998
2017/6/26,3,110,288,9300
2017/6/27,3,146,346,9176
2017/6/28,3,112,235,8981
2017/6/29,3,122,286,8798
2017/6/30,3,133,330,8736
2017/7/1,3,88,179,7345
2017/7/2,3,99,227,7104
2017/7/3,3,116,261,9580
2017/7/4,3,103,208,9287
2017/7/5,3,110,258,9173
2017/7/6,3,132,339,9421
2017/7/7,3,128,298,9015
2017/7/8,3,108,231,7482
2017/7/9,3,106,236,7301
2017/7/10,3,93,200,9281
2017/7/11,3,106,240,9491
2017/7/12,3,125,277,9083
2017/7/13,3,114,251,8710
2017/7/14,3,127,275,8322
2017/7/15,3,131,291,7348
2017/7/16,3,86,179,7345
2017/7/17,3,101,218,9019
2017/7/18,3,136,267,9155
2017/7/19,3,138,291,8790
2017/7/20,3,126,290,8812
2017/7/21,3,124,293,8386
2017/7/22,3,101,206,6815
2017/7/23,3,95,207,5582
2017/7/24,3,114,252,9272
2017/7/25,3,118,238,8858
2017/7/26,3,135,294,8453
2017/7/27,3,114,219,8258
2017/7/28,3,124,272,8365
2017/7/29,3,114,252,7343
2017/7/30,3,94,200,7132
2017/7/31,3,98,241,8972
2017/8/1,3,117,287,8977
2017/8/2,3,114,262,8897
2017/8/3,3,102,225,8704
2017/8/4,3,103,220,6903
2017/8/5,3,96,205,10667
2017/8/6,3,81,168,7634
2017/8/7,3,99,216,8958
2017/8/8,3,108,242,6433
2017/8/9,3,125,282,9436
2017/8/10,3,109,281,8826
2017/8/11,3,116,288,8430
2017/8/12,3,125,283,6976
2017/8/13,3,94,204,6725
2017/8/14,3,125,268,8516
2017/8/15,3,113,270,8573
2017/8/16,3,111,265,8504
2017/8/17,3,139,302,8091
2017/8/18,3,106,221,7995
2017/8/19,3,88,203,6249
2017/8/20,3,92,218,6246
2017/8/21,3,112,276,7911
2017/8/22,3,160,372,8244
2017/8/23,3,127,307,8385
2017/8/24,3,109,259,7453
2017/8/25,3,116,278,7427
2017/8/26,3,98,227,5970
2017/8/27,3,71,146,6284
2017/8/28,3,93,227,6853
2017/8/29,3,104,237,7945
2017/8/30,3,102,224,7491
2017/8/31,3,138,334,7481
2017/9/1,3,107,230,7092
2017/9/2,3,107,262,6015
2017/9/3,3,90,231,6063
2017/9/4,3,87,202,7189
2017/9/5,3,107,267,7514
2017/9/6,3,96,215,7117
2017/9/7,3,100,236,7257
2017/9/8,3,101,242,6792
2017/9/9,3,96,251,5477
2017/9/10,3,80,193,5407
2017/9/11,3,88,202,7293
2017/9/12,3,105,249,7182
2017/9/13,3,115,312,7198
2017/9/14,3,113,227,7117
2017/9/15,3,129,306,6650
2017/9/16,3,78,192,5320
2017/9/17,3,65,164,5406
2017/9/18,3,69,160,7054
2017/9/19,3,115,289,7271
2017/9/20,3,94,214,6943
2017/9/21,3,113,262,6834
2017/9/22,3,99,233,6504
2017/9/23,3,75,163,5342
2017/9/24,3,77,192,5254
2017/9/25,3,104,252,6963
2017/9/26,3,86,214,6851
2017/9/27,3,109,264,6744
2017/9/28,3,100,223,6825
2017/9/29,3,98,253,6868
2017/9/30,3,110,267,6203
2017/10/1,3,68,181,4758
2017/10/2,3,67,177,4719
2017/10/3,3,56,118,4482
2017/10/4,3,48,128,4143
2017/10/5,3,45,129,4948
2017/10/6,3,55,140,4984
2017/10/7,3,49,113,5053
2017/10/8,3,60,159,5508
2017/10/9,3,69,165,7022
2017/10/10,3,77,161,7079
2017/10/11,3,96,232,6822
2017/10/12,3,92,233,7071
2017/10/13,3,88,222,6530
2017/10/14,3,80,201,5209
2017/10/15,3,65,163,5249
2017/10/16,3,89,195,9203
2017/10/17,3,100,271,7925
2017/10/18,3,104,263,6801
2017/10/19,3,80,199,10475
2017/10/20,3,111,249,10360
2017/10/21,3,86,228,6740
2017/10/22,3,52,119,7523
2017/10/23,3,103,279,10622
2017/10/24,3,85,204,9549
2017/10/25,3,88,199,7663
2017/10/26,3,92,228,6789
2017/10/27,3,101,240,6695
2017/10/28,3,72,191,5054
2017/10/29,3,75,194,5073
2017/10/30,3,88,239,11917
2017/10/31,3,132,306,8058
2017/11/1,3,107,263,13511
2017/11/2,3,119,282,13793
2017/11/3,3,93,227,12539
2017/11/4,3,92,215,11169
2017/11/5,3,80,192,6980
2017/11/6,3,104,261,10816
2017/11/7,3,107,259,10035
2017/11/8,3,95,235,12913
2017/11/9,3,108,288,8858
2017/11/10,3,96,242,5733
2017/11/11,3,91,203,4682
2017/11/12,3,58,164,9342
2017/11/13,3,84,225,6653
2017/11/14,3,99,249,6524
2017/11/15,3,114,280,6103
2017/11/16,3,94,241,7052
2017/11/17,3,104,272,8955
2017/11/18,3,84,224,7969
2017/11/19,3,91,240,7640
2017/11/20,3,112,270,11743
2017/11/21,3,105,314,10181
2017/11/22,3,137,354,9998
2017/11/23,3,89,226,9915
2017/11/24,3,115,304,8122
2017/11/25,3,96,264,7439
2017/11/26,3,64,168,7216
2017/11/27,3,112,276,8503
2017/11/28,3,103,286,8673
2017/11/29,3,108,274,10371
2017/11/30,3,116,289,9611
2017/12/1,3,112,266,14755
2017/12/2,3,84,192,8334
2017/12/3,3,85,219,8374
2017/12/4,3,111,272,10788
2017/12/5,3,104,239,11577
2017/12/6,3,109,253,11039
2017/12/7,3,103,255,11989
2017/12/8,3,101,234,10291
2017/12/9,3,60,148,10113
2017/12/10,3,60,156,11127
2017/12/11,3,101,260,11021
2017/12/12,3,141,350,11376
2017/12/13,3,98,260,11382
2017/12/14,3,126,360,11911
2017/12/15,3,123,272,10135
2017/12/16,3,82,215,12381
2017/12/17,3,72,163,8017
2017/12/18,3,113,280,11188
2017/12/19,3,144,339,11694
2017/12/20,3,106,269,11891
2017/12/21,3,81,189,11151
2017/12/22,3,106,227,11127
2017/12/23,3,99,234,9825
2017/12/24,3,85,165,11398
2017/12/25,3,103,233,10272
2017/12/26,3,88,207,10680
2017/12/27,3,111,283,12055
2017/12/28,3,121,307,10540
2017/12/29,3,117,275,10702
2017/12/30,3,93,206,8586
2017/12/31,3,77,166,9505
2016/1/1,2,124,283,9105
2016/1/2,2,134,296,9782
2016/1/3,2,126,276,10575
2016/1/4,2,180,390,12369
2016/1/5,2,220,546,14271
2016/1/6,2,237,583,14087
2016/1/7,2,213,555,14131
2016/1/8,2,234,583,14092
2016/1/9,2,175,411,12061
2016/1/10,2,163,410,10004
2016/1/11,2,207,560,14574
2016/1/12,2,218,561,14950
2016/1/13,2,217,559,14431
2016/1/14,2,178,432,12743
2016/1/15,2,174,465,11693
2016/1/16,2,130,312,9784
2016/1/17,2,124,293,14002
2016/1/18,2,148,360,16911
2016/1/19,2,154,410,13753
2016/1/20,2,136,359,12123
2016/1/21,2,146,404,14135
2016/1/22,2,171,433,15371
2016/1/23,2,99,225,13671
2016/1/24,2,90,221,13749
2016/1/25,2,119,303,17687
2016/1/26,2,144,353,18387
2016/1/27,2,148,357,17664
2016/1/28,2,158,403,18519
2016/1/29,2,128,336,18296
2016/1/30,2,119,317,16223
2016/1/31,2,106,271,15711
2016/2/1,2,153,396,17033
2016/2/2,2,153,411,14000
2016/2/3,2,153,402,11509
2016/2/4,2,166,424,16384
2016/2/5,2,132,337,15320
2016/2/6,2,130,359,13776
2016/2/7,2,66,169,10308
2016/2/8,2,74,181,12968
2016/2/9,2,80,186,12458
2016/2/10,2,61,152,12926
2016/2/11,2,61,137,13680
2016/2/12,2,86,211,13789
2016/2/13,2,77,201,14192
2016/2/14,2,122,320,16900
2016/2/15,2,113,280,19371
2016/2/16,2,153,423,18871
2016/2/17,2,157,435,18701
2016/2/18,2,186,491,18717
2016/2/19,2,143,412,18546
2016/2/20,2,110,286,16092
2016/2/21,2,130,387,17070
2016/2/22,2,176,470,18789
2016/2/23,2,181,535,15487
2016/2/24,2,168,446,14983
2016/2/25,2,192,571,13787
2016/2/26,2,193,493,13776
2016/2/27,2,150,401,13109
2016/2/28,2,116,263,13192
2016/2/29,2,198,565,12541
2016/3/1,2,191,498,14063
2016/3/2,2,239,661,15963
2016/3/3,2,218,609,17854
2016/3/4,2,194,551,17455
2016/3/5,2,159,403,15913
2016/3/6,2,133,377,15040
2016/3/7,2,189,494,19165
2016/3/8,2,220,599,16996
2016/3/9,2,218,552,17191
2016/3/10,2,189,533,17533
2016/3/11,2,188,509,16008
2016/3/12,2,148,424,9336
2016/3/13,2,160,442,9790
2016/3/14,2,205,544,15334
2016/3/15,2,223,638,17671
2016/3/16,2,221,599,16272
2016/3/17,2,253,708,17582
2016/3/18,2,246,689,17311
2016/3/19,2,198,540,14346
2016/3/20,2,128,342,14415
2016/3/21,2,247,648,17877
2016/3/22,2,278,792,17454
2016/3/23,2,294,796,15862
2016/3/24,2,256,720,16981
2016/3/25,2,264,779,16856
2016/3/26,2,194,562,13997
2016/3/27,2,192,497,14409
2016/3/28,2,284,795,18195
2016/3/29,2,282,768,17700
2016/3/30,2,262,693,17970
2016/3/31,2,281,764,18516
2016/4/1,2,221,553,17777
2016/4/2,2,194,544,16146
2016/4/3,2,188,521,16011
2016/4/4,2,163,413,15547
2016/4/5,2,194,491,19460
2016/4/6,2,273,753,19556
2016/4/7,2,226,595,18496
2016/4/8,2,192,544,17591
2016/4/9,2,183,432,14161
2016/4/10,2,132,342,14431
2016/4/11,2,220,605,19138
2016/4/12,2,281,761,18954
2016/4/13,2,278,731,18865
2016/4/14,2,290,743,18710
2016/4/15,2,247,636,18256
2016/4/16,2,252,707,16433
2016/4/17,2,161,443,15301
2016/4/18,2,294,778,19600
2016/4/19,2,328,830,19716
2016/4/20,2,312,869,19703
2016/4/21,2,294,758,19097
2016/4/22,2,236,609,18310
2016/4/23,2,195,493,12889
2016/4/24,2,209,538,15959
2016/4/25,2,287,690,20075
2016/4/26,2,306,796,17603
2016/4/27,2,302,737,19424
2016/4/28,2,252,706,16217
2016/4/29,2,275,653,14560
2016/4/30,2,229,632,15251
2016/5/1,2,167,401,14401
2016/5/2,2,172,446,15985
2016/5/3,2,252,661,19718
2016/5/4,2,279,711,19956
2016/5/5,2,306,778,20492
2016/5/6,2,251,588,18439
2016/5/7,2,194,501,16994
2016/5/8,2,152,325,15419
2016/5/9,2,245,596,20208
2016/5/10,2,260,629,18733
2016/5/11,2,262,666,18242
2016/5/12,2,216,525,17700
2016/5/13,2,209,553,17759
2016/5/14,2,185,448,15474
2016/5/15,2,194,435,15548
2016/5/16,2,242,608,19026
2016/5/17,2,246,612,18930
2016/5/18,2,230,569,18390
2016/5/19,2,266,689,18313
2016/5/20,2,237,579,16248
2016/5/21,2,213,560,14806
2016/5/22,2,152,398,13645
2016/5/23,2,275,772,16676
2016/5/24,2,261,610,17380
2016/5/25,2,250,592,16182
2016/5/26,2,205,449,15996
2016/5/27,2,215,539,15695
2016/5/28,2,190,474,12233
2016/5/29,2,142,341,11165
2016/5/30,2,227,542,15857
2016/5/31,2,226,529,17836
2016/6/1,2,236,527,16515
2016/6/2,2,248,589,18266
2016/6/3,2,236,625,17415
2016/6/4,2,203,463,14647
2016/6/5,2,157,354,15432
2016/6/6,2,195,486,17860
2016/6/7,2,228,528,17562
2016/6/8,2,253,551,17637
2016/6/9,2,197,455,14907
2016/6/10,2,166,396,14853
2016/6/11,2,146,367,14964
2016/6/12,2,217,482,18434
2016/6/13,2,199,437,20258
2016/6/14,2,220,525,19818
2016/6/15,2,211,462,20002
2016/6/16,2,211,450,19713
2016/6/17,2,193,439,19201
2016/6/18,2,170,383,16904
2016/6/19,2,117,251,10858
2016/6/20,2,207,537,17281
2016/6/21,2,182,387,19187
2016/6/22,2,217,558,20693
2016/6/23,2,215,473,19628
2016/6/24,2,216,512,16602
2016/6/25,2,197,427,15795
2016/6/26,2,198,422,16659
2016/6/27,2,215,447,19878
2016/6/28,2,253,549,17485
2016/6/29,2,223,491,16932
2016/6/30,2,226,468,17970
2016/7/1,2,218,472,15832
2016/7/2,2,214,471,12578
2016/7/3,2,169,359,14341
2016/7/4,2,204,434,18590
2016/7/5,2,200,434,15817
2016/7/6,2,181,383,15974
2016/7/7,2,168,389,16952
2016/7/8,2,163,328,15951
2016/7/9,2,146,347,14046
2016/7/10,2,150,330,13740
2016/7/11,2,176,387,17965
2016/7/12,2,176,358,17565
2016/7/13,2,178,392,14761
2016/7/14,2,184,424,15057
2016/7/15,2,167,343,14072
2016/7/16,2,144,295,12447
2016/7/17,2,117,272,12659
2016/7/18,2,144,290,15261
2016/7/19,2,188,422,15057
2016/7/20,2,196,437,14288
2016/7/21,2,178,386,14823
2016/7/22,2,192,426,13954
2016/7/23,2,177,427,13064
2016/7/24,2,147,365,13495
2016/7/25,2,203,427,15063
2016/7/26,2,176,385,15233
2016/7/27,2,212,493,13975
2016/7/28,2,180,392,14510
2016/7/29,2,187,423,13764
2016/7/30,2,162,351,10259
2016/7/31,2,172,407,10421
2016/8/1,2,183,428,13680
2016/8/2,2,214,446,13722
2016/8/3,2,200,470,13772
2016/8/4,2,212,510,13653
2016/8/5,2,175,391,12574
2016/8/6,2,166,392,9554
2016/8/7,2,163,390,9365
2016/8/8,2,195,457,12302
2016/8/9,2,196,491,11847
2016/8/10,2,220,513,12530
2016/8/11,2,201,517,12696
2016/8/12,2,211,493,12421
2016/8/13,2,173,459,9317
2016/8/14,2,137,324,7538
2016/8/15,2,230,597,10545
2016/8/16,2,182,446,11220
2016/8/17,2,212,550,9115
2016/8/18,2,234,557,15620
2016/8/19,2,240,593,11756
2016/8/20,2,146,385,10911
2016/8/21,2,138,314,10349
2016/8/22,2,195,525,14537
2016/8/23,2,208,578,13931
2016/8/24,2,189,442,11402
2016/8/25,2,181,443,13324
2016/8/26,2,176,404,12699
2016/8/27,2,156,397,9605
2016/8/28,2,145,330,10300
2016/8/29,2,171,383,13973
2016/8/30,2,220,566,12948
2016/8/31,2,164,397,13253
2016/9/1,2,220,564,12531
2016/9/2,2,190,478,12066
2016/9/3,2,203,472,9205
2016/9/4,2,127,312,9120
2016/9/5,2,188,491,12808
2016/9/6,2,189,461,12089
2016/9/7,2,168,451,10988
2016/9/8,2,173,432,12390
2016/9/9,2,194,468,11291
2016/9/10,2,139,379,8666
2016/9/11,2,130,396,9359
2016/9/12,2,187,433,12417
2016/9/13,2,203,510,12454
2016/9/14,2,195,537,11808
2016/9/15,2,131,335,8828
2016/9/16,2,118,296,8674
2016/9/17,2,166,428,8545
2016/9/18,2,169,405,11663
2016/9/19,2,208,543,11541
2016/9/20,2,190,492,11590
2016/9/21,2,215,518,11908
2016/9/22,2,168,407,13207
2016/9/23,2,171,412,12855
2016/9/24,2,151,353,9157
2016/9/25,2,152,360,9252
2016/9/26,2,168,398,13164
2016/9/27,2,193,440,13490
2016/9/28,2,207,461,13192
2016/9/29,2,194,471,13235
2016/9/30,2,181,440,12574
2016/10/1,2,126,300,9119
2016/10/2,2,107,271,8321
2016/10/3,2,129,319,8501
2016/10/4,2,105,230,8567
2016/10/5,2,111,273,8822
2016/10/6,2,103,249,9204
2016/10/7,2,112,247,10136
2016/10/8,2,172,407,12887
2016/10/9,2,198,515,12462
2016/10/10,2,138,343,12608
2016/10/11,2,206,524,12449
2016/10/12,2,190,479,12436
2016/10/13,2,174,416,12410
2016/10/14,2,175,389,11805
2016/10/15,2,160,400,9201
2016/10/16,2,125,308,9327
2016/10/17,2,194,433,12850
2016/10/18,2,191,466,12673
2016/10/19,2,219,551,11604
2016/10/20,2,206,490,9313
2016/10/21,2,215,493,9291
2016/10/22,2,139,322,6819
2016/10/23,2,127,273,6572
2016/10/24,2,196,428,10268
2016/10/25,2,204,420,11987
2016/10/26,2,200,461,12110
2016/10/27,2,154,364,12011
2016/10/28,2,179,458,11460
2016/10/29,2,144,352,8581
2016/10/30,2,83,208,8334
2016/10/31,2,172,402,11171
2016/11/1,2,203,435,11486
2016/11/2,2,192,467,11589
2016/11/3,2,187,437,11605
2016/11/4,2,212,528,11367
2016/11/5,2,173,417,8002
2016/11/6,2,89,225,8184
2016/11/7,2,140,330,11671
2016/11/8,2,195,446,11218
2016/11/9,2,150,386,10429
2016/11/10,2,182,420,10623
2016/11/11,2,173,397,10135
2016/11/12,2,112,250,8076
2016/11/13,2,125,287,8638
2016/11/14,2,150,309,12221
2016/11/15,2,195,434,11753
2016/11/16,2,208,446,12186
2016/11/17,2,211,525,12201
2016/11/18,2,201,438,11112
2016/11/19,2,160,410,8619
2016/11/20,2,132,322,9023
2016/11/21,2,216,473,12399
2016/11/22,2,212,462,12311
2016/11/23,2,235,564,12512
2016/11/24,2,188,423,11643
2016/11/25,2,162,364,10416
2016/11/26,2,131,316,8180
2016/11/27,2,116,271,7947
2016/11/28,2,185,380,11523
2016/11/29,2,162,331,12082
2016/11/30,2,168,375,11953
2016/12/1,2,176,390,13366
2016/12/2,2,174,379,11731
2016/12/3,2,135,293,8639
2016/12/4,2,124,284,9240
2016/12/5,2,217,455,13373
2016/12/6,2,190,400,12825
2016/12/7,2,211,462,12839
2016/12/8,2,184,396,12364
2016/12/9,2,220,485,12376
2016/12/10,2,183,389,9389
2016/12/11,2,142,318,9512
2016/12/12,2,222,526,12783
2016/12/13,2,212,474,13820
2016/12/14,2,199,471,13327
2016/12/15,2,186,424,11758
2016/12/16,2,213,419,12525
2016/12/17,2,162,360,8850
2016/12/18,2,142,295,8849
2016/12/19,2,206,455,12047
2016/12/20,2,246,538,12564
2016/12/21,2,247,579,12602
2016/12/22,2,222,520,12212
2016/12/23,2,219,432,11778
2016/12/24,2,160,331,9354
2016/12/25,2,111,224,10038
2016/12/26,2,201,444,14189
2016/12/27,2,205,443,14134
2016/12/28,2,217,480,13419
2016/12/29,2,192,452,13672
2016/12/30,2,187,395,12404
2016/12/31,2,136,278,8507
2017/1/1,2,139,289,8967
2017/1/2,2,133,283,11173
2017/1/3,2,239,496,16296
2017/1/4,2,222,478,15362
2017/1/5,2,220,448,15081
2017/1/6,2,226,526,13253
2017/1/7,2,179,389,10989
2017/1/8,2,168,402,10513
2017/1/9,2,193,439,13719
2017/1/10,2,222,492,14367
2017/1/11,2,243,516,13403
2017/1/12,2,265,656,16686
2017/1/13,2,233,505,12780
2017/1/14,2,171,355,9797
2017/1/15,2,167,367,9856
2017/1/16,2,200,427,12702
2017/1/17,2,192,456,12857
2017/1/18,2,193,445,12489
2017/1/19,2,206,511,12133
2017/1/20,2,203,486,11455
2017/1/21,2,158,346,9532
2017/1/22,2,180,428,12316
2017/1/23,2,154,357,13221
2017/1/24,2,164,387,12380
2017/1/25,2,206,447,11709
2017/1/26,2,192,445,9654
2017/1/27,2,115,254,6155
2017/1/28,2,108,226,7762
2017/1/29,2,93,226,8549
2017/1/30,2,104,261,8961
2017/1/31,2,108,274,9192
2017/2/1,2,128,312,9964
2017/2/2,2,127,293,10771
2017/2/3,2,182,433,15308
2017/2/4,2,242,577,14890
2017/2/5,2,160,391,11957
2017/2/6,2,218,507,15893
2017/2/7,2,248,673,16077
2017/2/8,2,232,539,15916
2017/2/9,2,226,570,14789
2017/2/10,2,217,538,14285
2017/2/11,2,156,384,10395
2017/2/12,2,137,321,10677
2017/2/13,2,196,476,14973
2017/2/14,2,207,518,14259
2017/2/15,2,240,583,15415
2017/2/16,2,250,570,15835
2017/2/17,2,195,536,15082
2017/2/18,2,154,424,10982
2017/2/19,2,130,306,10963
2017/2/20,2,178,443,14977
2017/2/21,2,201,525,15180
2017/2/22,2,216,567,14694
2017/2/23,2,241,644,14600
2017/2/24,2,219,581,13430
2017/2/25,2,183,453,10398
2017/2/26,2,161,396,10304
2017/2/27,2,221,563,14128
2017/2/28,2,235,607,14790
2017/3/1,2,238,629,14536
2017/3/2,2,257,657,14627
2017/3/3,2,323,823,14183
2017/3/4,2,209,575,11211
2017/3/5,2,217,586,10950
2017/3/6,2,271,721,14928
2017/3/7,2,290,793,14641
2017/3/8,2,283,735,14009
2017/3/9,2,283,768,14649
2017/3/10,2,244,643,13739
2017/3/11,2,203,605,10865
2017/3/12,2,170,459,11053
2017/3/13,2,265,653,15274
2017/3/14,2,245,634,14829
2017/3/15,2,274,770,14164
2017/3/16,2,272,755,14251
2017/3/17,2,253,662,13090
2017/3/18,2,179,434,10691
2017/3/19,2,171,451,10600
2017/3/20,2,276,724,14300
2017/3/21,2,253,671,14343
2017/3/22,2,324,850,14223
2017/3/23,2,247,649,13280
2017/3/24,2,259,702,14025
2017/3/25,2,185,494,10493
2017/3/26,2,187,445,9990
2017/3/27,2,286,765,14429
2017/3/28,2,247,640,14192
2017/3/29,2,270,677,14885
2017/3/30,2,260,668,14604
2017/3/31,2,297,728,17600
2017/4/1,2,290,774,13862
2017/4/2,2,213,519,9875
2017/4/3,2,178,447,9817
2017/4/4,2,191,490,11155
2017/4/5,2,307,725,16167
2017/4/6,2,318,872,16003
2017/4/7,2,281,764,15219
2017/4/8,2,254,644,11513
2017/4/9,2,228,618,11373
2017/4/10,2,299,749,16651
2017/4/11,2,346,881,19151
2017/4/12,2,320,833,17058
2017/4/13,2,362,961,15071
2017/4/14,2,296,752,14521
2017/4/15,2,214,557,11119
2017/4/16,2,162,370,11245
2017/4/17,2,290,746,15164
2017/4/18,2,319,769,15243
2017/4/19,2,324,841,14854
2017/4/20,2,291,710,14433
2017/4/21,2,276,672,12442
2017/4/22,2,216,552,10340
2017/4/23,2,227,566,10718
2017/4/24,2,305,702,14758
2017/4/25,2,298,775,15108
2017/4/26,2,292,737,14657
2017/4/27,2,267,619,14142
2017/4/28,2,298,718,13875
2017/4/29,2,212,456,10402
2017/4/30,2,166,405,9974
2017/5/1,2,176,448,10965
2017/5/2,2,264,646,16693
2017/5/3,2,298,703,16087
2017/5/4,2,257,612,16392
2017/5/5,2,276,657,14681
2017/5/6,2,230,523,11281
2017/5/7,2,181,419,11064
2017/5/8,2,272,656,14912
2017/5/9,2,286,683,15611
2017/5/10,2,291,714,14626
2017/5/11,2,317,789,14478
2017/5/12,2,288,733,13946
2017/5/13,2,255,622,10641
2017/5/14,2,274,637,10528
2017/5/15,2,276,632,14896
2017/5/16,2,295,746,15129
2017/5/17,2,264,660,14658
2017/5/18,2,288,646,14832
2017/5/19,2,273,642,13955
2017/5/20,2,229,541,10351
2017/5/21,2,185,416,10902
2017/5/22,2,252,621,15277
2017/5/23,2,282,696,15111
2017/5/24,2,281,680,14591
2017/5/25,2,248,641,14588
2017/5/26,2,268,604,13641
2017/5/27,2,286,663,13453
2017/5/28,2,206,418,10319
2017/5/29,2,181,425,10544
2017/5/30,2,208,507,10804
2017/5/31,2,260,603,15496
2017/6/1,2,231,585,14438
2017/6/2,2,262,635,14641
2017/6/3,2,221,531,11587
2017/6/4,2,183,412,11870
2017/6/5,2,242,597,15979
2017/6/6,2,220,470,15616
2017/6/7,2,210,446,14850
2017/6/8,2,261,580,14875
2017/6/9,2,339,822,14461
2017/6/10,2,213,499,12064
2017/6/11,2,188,457,11821
2017/6/12,2,273,609,16338
2017/6/13,2,250,549,15713
2017/6/14,2,207,495,15263
2017/6/15,2,260,689,14904
2017/6/16,2,234,509,13630
2017/6/17,2,175,399,10722
2017/6/18,2,146,327,10405
2017/6/19,2,232,551,14928
2017/6/20,2,262,609,14371
2017/6/21,2,237,529,14851
2017/6/22,2,213,492,12996
2017/6/23,2,167,368,12353
2017/6/24,2,173,370,10429
2017/6/25,2,132,297,10304
2017/6/26,2,174,398,13824
2017/6/27,2,193,412,13619
2017/6/28,2,188,417,13355
2017/6/29,2,223,517,13064
2017/6/30,2,199,488,12545
2017/7/1,2,194,446,10516
2017/7/2,2,145,349,10175
2017/7/3,2,208,471,13920
2017/7/4,2,216,496,13565
2017/7/5,2,181,405,13068
2017/7/6,2,204,470,13295
2017/7/7,2,209,478,12955
2017/7/8,2,189,463,10521
2017/7/9,2,154,345,10402
2017/7/10,2,245,575,13677
2017/7/11,2,226,538,13693
2017/7/12,2,261,631,13969
2017/7/13,2,227,593,13558
2017/7/14,2,212,534,12325
2017/7/15,2,182,405,10749
2017/7/16,2,122,258,10610
2017/7/17,2,207,481,13429
2017/7/18,2,174,378,13327
2017/7/19,2,194,406,12926
2017/7/20,2,180,369,12528
2017/7/21,2,184,394,11955
2017/7/22,2,192,463,9440
2017/7/23,2,143,292,8180
2017/7/24,2,138,291,13269
2017/7/25,2,146,309,12474
2017/7/26,2,189,431,12165
2017/7/27,2,161,341,12246
2017/7/28,2,204,478,11748
2017/7/29,2,185,370,9626
2017/7/30,2,137,312,9518
2017/7/31,2,201,456,12673
2017/8/1,2,201,429,12924
2017/8/2,2,213,440,12905
2017/8/3,2,173,354,12743
2017/8/4,2,210,422,10145
2017/8/5,2,152,330,15037
2017/8/6,2,131,265,10797
2017/8/7,2,235,506,13269
2017/8/8,2,197,458,9710
2017/8/9,2,204,463,13518
2017/8/10,2,181,351,13139
2017/8/11,2,165,349,12413
2017/8/12,2,127,275,9883
2017/8/13,2,170,366,9784
2017/8/14,2,201,423,13186
2017/8/15,2,185,398,13213
2017/8/16,2,196,443,13092
2017/8/17,2,190,421,12961
2017/8/18,2,211,458,12492
2017/8/19,2,163,329,9642
2017/8/20,2,155,341,9572
2017/8/21,2,195,411,12202
2017/8/22,2,239,508,13002
2017/8/23,2,197,441,12899
2017/8/24,2,230,552,11873
2017/8/25,2,217,466,11944
2017/8/26,2,190,427,9449
2017/8/27,2,134,337,9871
2017/8/28,2,204,479,11891
2017/8/29,2,222,510,12733
2017/8/30,2,202,427,12134
2017/8/31,2,232,516,11975
2017/9/1,2,205,529,11086
2017/9/2,2,198,462,8960
2017/9/3,2,132,319,8953
2017/9/4,2,196,418,11786
2017/9/5,2,223,514,11491
2017/9/6,2,215,515,11451
2017/9/7,2,197,427,11255
2017/9/8,2,177,379,10546
2017/9/9,2,143,308,8062
2017/9/10,2,101,222,8232
2017/9/11,2,185,413,11352
2017/9/12,2,207,487,10837
2017/9/13,2,201,413,11146
2017/9/14,2,185,434,11715
2017/9/15,2,214,487,10763
2017/9/16,2,139,310,8282
2017/9/17,2,145,320,8374
2017/9/18,2,185,395,11473
2017/9/19,2,223,503,12320
2017/9/20,2,170,381,11726
2017/9/21,2,187,424,11094
2017/9/22,2,183,433,10330
2017/9/23,2,107,216,7877
2017/9/24,2,129,307,8255
2017/9/25,2,151,362,11082
2017/9/26,2,164,366,11082
2017/9/27,2,163,366,10993
2017/9/28,2,199,445,10432
2017/9/29,2,177,392,10450
2017/9/30,2,192,446,9940
2017/10/1,2,133,342,7451
2017/10/2,2,115,255,7553
2017/10/3,2,94,201,7094
2017/10/4,2,101,241,6481
2017/10/5,2,99,241,7319
2017/10/6,2,110,263,7529
2017/10/7,2,99,270,7532
2017/10/8,2,124,278,8259
2017/10/9,2,164,381,11573
2017/10/10,2,189,422,11937
2017/10/11,2,173,390,11203
2017/10/12,2,189,455,11046
2017/10/13,2,209,463,10414
2017/10/14,2,150,373,7843
2017/10/15,2,156,344,8315
2017/10/16,2,216,529,11221
2017/10/17,2,210,474,13355
2017/10/18,2,205,477,13057
2017/10/19,2,203,492,11553
2017/10/20,2,205,485,12585
2017/10/21,2,158,367,9890
2017/10/22,2,132,329,8265
2017/10/23,2,228,517,12535
2017/10/24,2,226,554,11476
2017/10/25,2,215,488,10780
2017/10/26,2,206,514,10492
2017/10/27,2,237,541,10056
2017/10/28,2,206,507,7803
2017/10/29,2,138,321,7508
2017/10/30,2,219,534,12296
2017/10/31,2,253,610,10654
2017/11/1,2,206,442,12919
2017/11/2,2,202,461,14279
2017/11/3,2,222,507,11062
2017/11/4,2,147,337,10221
2017/11/5,2,154,350,7819
2017/11/6,2,216,520,11740
2017/11/7,2,209,465,12065
2017/11/8,2,211,501,11827
2017/11/9,2,223,569,11226
2017/11/10,2,207,490,8912
2017/11/11,2,164,421,7179
2017/11/12,2,147,345,9041
2017/11/13,2,196,444,10323
2017/11/14,2,205,504,10632
2017/11/15,2,178,454,9944
2017/11/16,2,203,432,10266
2017/11/17,2,183,473,9505
2017/11/18,2,164,353,7549
2017/11/19,2,146,317,8408
2017/11/20,2,179,403,9837
2017/11/21,2,191,413,11125
2017/11/22,2,215,497,10236
2017/11/23,2,140,299,10211
2017/11/24,2,152,358,9204
2017/11/25,2,138,301,7769
2017/11/26,2,141,292,7645
2017/11/27,2,152,336,10899
2017/11/28,2,208,519,10097
2017/11/29,2,192,431,11301
2017/11/30,2,199,444,12731
2017/12/1,2,196,468,11803
2017/12/2,2,139,307,8952
2017/12/3,2,114,259,8861
2017/12/4,2,191,444,12287
2017/12/5,2,225,571,12094
2017/12/6,2,200,424,12377
2017/12/7,2,215,522,12232
2017/12/8,2,177,399,12214
2017/12/9,2,167,396,11444
2017/12/10,2,152,369,9928
2017/12/11,2,187,420,12047
2017/12/12,2,226,511,13606
2017/12/13,2,201,435,12037
2017/12/14,2,192,447,12325
2017/12/15,2,205,487,10570
2017/12/16,2,160,336,8707
2017/12/17,2,125,274,9685
2017/12/18,2,189,421,12644
2017/12/19,2,225,528,16873
2017/12/20,2,215,498,13239
2017/12/21,2,208,463,10238
2017/12/22,2,201,426,11751
2017/12/23,2,163,347,9418
2017/12/24,2,143,316,9263
2017/12/25,2,205,441,12174
2017/12/26,2,200,390,14876
2017/12/27,2,228,503,12565
2017/12/28,2,196,432,12987
2017/12/29,2,167,349,11510
2017/12/30,2,157,348,9008
2017/12/31,2,118,280,7949
